timestamp,sample_duration,num_reads,read_cycles,num_writes,write_cycles,num_flushes,flush_cycles,bytes_read,bytes_written,retired_rw,retired_movnti,retired_movntq,retired_movntqd,retired_movntps,retired_mfence,retired_sfence,retired_lfence,wpq_inserts,rpq_inserts,wpq_occupancy,rpq_occupancy,dram_rpq_inserts,dram_rpq_occupancy,unc_ticks,total_read_write,retired_all_stores,l3_misses_local_pmm,l3_misses_remote_pmm,any_scoop_pmm,any_scoop_l3_miss_dram,total_addr_distance
10003224,7001283,0,0,881337,85920,0,0,0,7050696,0,0,876819,0,4518,0,2119,0,110736,0,0,0,0,0,0,10238712,0,0,0,0,0,4521
20005056,7000317,0,0,917504,0,0,0,0,7340032,0,0,917504,0,0,0,2048,0,114692,0,0,0,0,0,0,20463240,0,0,0,0,0,3
30011178,7002313,0,0,901398,114130,0,0,0,7211184,0,0,895484,0,5914,0,2538,0,113418,0,0,0,0,0,0,30541824,0,0,0,0,0,5917
40012528,7000492,0,0,890785,116780,0,0,0,7126280,0,0,884700,0,6085,0,4191,0,112113,0,0,0,0,0,0,40854792,0,0,0,0,0,6088
50014056,7001248,0,0,917239,12626,0,0,0,7337912,0,0,916599,0,640,0,2057,0,114739,0,0,0,0,0,0,51377344,0,0,0,0,0,646
60016125,7000753,0,0,914348,106074,0,0,0,7314784,0,0,908950,0,5398,0,2132,0,114970,0,0,0,0,0,0,61864480,0,0,0,0,0,5402
70017146,7000330,0,0,913664,0,0,0,0,7309312,0,0,913664,0,0,0,2048,0,114211,0,0,0,0,0,0,72370720,0,0,0,0,0,3
80020102,7001159,0,0,923233,196462,0,0,0,7385864,0,0,913018,0,10215,0,2207,0,116684,0,0,0,0,0,0,82901704,0,0,0,0,0,10219
90020792,7000073,0,0,932608,0,0,0,0,7460864,0,0,932608,0,0,0,4096,0,116578,0,0,0,0,0,0,93647560,0,0,0,0,0,3
100022228,7000431,0,0,912606,42110,0,0,0,7300848,0,0,910426,0,2180,0,4130,0,114352,0,0,0,0,0,0,104221112,0,0,0,0,0,2182
110025438,7001621,0,0,922843,47558,0,0,0,7382744,0,0,920423,0,2420,0,37,0,115663,0,0,0,0,0,0,114819216,0,0,0,0,0,2424
120027313,7001168,0,0,927427,76236,0,0,0,7419416,0,0,923517,0,3910,0,61,0,116420,0,0,0,0,0,0,125456040,0,0,0,0,0,3914
130029421,7000107,0,0,910548,59994,0,0,0,7284384,0,0,907677,0,2871,0,4140,0,114182,0,0,0,0,0,0,135992648,0,0,0,0,0,2874
140030488,7000957,0,0,904960,0,0,0,0,7239680,0,0,904960,0,0,0,4096,0,113122,0,0,0,0,0,0,146500936,0,0,0,0,0,2
150030830,7000222,0,0,930747,88138,0,0,0,7445976,0,0,926272,0,4475,0,2117,0,116905,0,0,0,0,0,0,157289248,0,0,0,0,0,4478
160033222,7001375,0,0,922368,0,0,0,0,7378944,0,0,922368,0,0,0,2048,0,115298,0,0,0,0,0,0,168010528,0,0,0,0,0,4
170033319,7000043,0,0,930816,0,0,0,0,7446528,0,0,930816,0,0,0,4096,0,116353,0,0,0,0,0,0,178657744,0,0,0,0,0,4
180035775,7001909,0,0,921024,80566,0,0,0,7368192,0,0,916928,0,4096,0,64,0,115645,0,0,0,0,0,0,189107600,0,0,0,0,0,4099
190037023,7000650,0,0,912564,96164,0,0,0,7300512,0,0,907645,0,4919,0,2124,0,114688,0,0,0,0,0,0,199758640,0,0,0,0,0,4922
200038674,7001086,0,0,922821,74344,0,0,0,7382568,0,0,918994,0,3827,0,4155,0,115833,0,0,0,0,0,0,210358616,0,0,0,0,0,3831
210041709,7001456,0,0,928000,0,0,0,0,7424000,0,0,928000,0,0,0,4096,0,116004,0,0,0,0,0,0,221043032,0,0,0,0,0,4
220042605,7000714,0,0,922368,0,0,0,0,7378944,0,0,922368,0,0,0,4096,0,115301,0,0,0,0,0,0,231684440,0,0,0,0,0,2
230043891,7000533,0,0,924026,170112,0,0,0,7392208,0,0,915420,0,8606,0,2182,0,116583,0,0,0,0,0,0,242296104,0,0,0,0,0,8608
240045542,7001056,0,0,931797,55282,0,0,0,7454376,0,0,929023,0,2774,0,2091,0,116824,0,0,0,0,0,0,252992464,0,0,0,0,0,2776
250047218,7000898,0,0,904373,93794,0,0,0,7234984,0,0,899559,0,4814,0,2123,0,113656,0,0,0,0,0,0,263220424,0,0,0,0,0,4818
260049656,7002201,0,0,915543,197532,0,0,0,7324344,0,0,905216,0,10327,0,2985,0,115737,0,0,0,0,0,0,273782656,0,0,0,0,0,10331
270050514,7000489,0,0,934393,9106,0,0,0,7475144,0,0,933925,0,468,0,7,0,116861,0,0,0,0,0,0,284534600,0,0,0,0,0,471
280052572,7001893,0,0,897751,364942,0,0,0,7182008,0,0,878639,0,19112,0,2345,0,114613,0,0,0,0,0,0,294958592,0,0,0,0,0,19115
290054764,7000864,0,0,906866,162850,0,0,0,7254928,0,0,898523,0,8343,0,2446,0,114406,0,0,0,0,0,0,305453456,0,0,0,0,0,8345
300055402,7000121,0,0,861613,628632,0,0,0,6892904,0,0,829785,0,31828,0,595,0,111684,0,0,0,0,0,0,315629304,0,0,0,0,0,31831
310055968,7000167,0,0,919532,25574,0,0,0,7356256,0,0,918252,0,1280,0,20,0,115109,0,0,0,0,0,0,326175848,0,0,0,0,0,1284
320056973,7000927,0,0,893986,280744,0,0,0,7151888,0,0,879719,0,14267,0,2270,0,113534,0,0,0,0,0,0,336616824,0,0,0,0,0,14271
330060057,7001751,0,0,906290,265678,0,0,0,7250320,0,0,892834,0,13456,0,2510,0,114972,0,0,0,0,0,0,347160328,0,0,0,0,0,13460
340061845,7001113,0,0,890425,253532,0,0,0,7123400,0,0,877534,0,12891,0,4295,0,112919,0,0,0,0,0,0,357585104,0,0,0,0,0,12894
350063163,7001224,0,0,921782,94054,0,0,0,7374256,0,0,916972,0,4810,0,4170,0,115825,0,0,0,0,0,0,368232064,0,0,0,0,0,4814
360065772,7000117,0,0,898902,316806,0,0,0,7191216,0,0,882824,0,16078,0,4266,0,114379,0,0,0,0,0,0,378646832,0,0,0,0,0,16081
370067406,7000644,0,0,899969,158700,0,0,0,7199752,0,0,891810,0,8159,0,127,0,113524,0,0,0,0,0,0,389084472,0,0,0,0,0,8161
380069411,7000825,0,0,924160,0,0,0,0,7393280,0,0,924160,0,0,0,2048,0,115525,0,0,0,0,0,0,399663448,0,0,0,0,0,3
390071132,7001079,0,0,917186,239382,0,0,0,7337488,0,0,905018,0,12168,0,1342,0,116176,0,0,0,0,0,0,410267496,0,0,0,0,0,12171
400074753,7000913,0,0,928256,0,0,0,0,7426048,0,0,928256,0,0,0,2048,0,116035,0,0,0,0,0,0,420684048,0,0,0,0,0,3
410077326,7001184,0,0,921344,0,0,0,0,7370752,0,0,921344,0,0,0,8192,0,115173,0,0,0,0,0,0,431351984,0,0,0,0,0,2
420079332,7001125,0,0,911813,399354,0,0,0,7294504,0,0,891531,0,20282,0,6459,0,116516,0,0,0,0,0,0,441817032,0,0,0,0,0,20283
430079781,7000285,52780,0,765620,378394,0,0,422240,6124960,52780,0,746410,0,19210,0,62240,0,98112,0,0,0,0,0,0,451665608,0,0,0,0,0,19623
442588240,7001902,0,0,907217,58804,0,0,0,7257736,0,0,904211,0,3006,0,2095,0,113781,0,0,0,0,0,0,463649888,0,0,0,0,0,3009
452588961,7000063,0,0,899328,0,0,0,0,7194624,0,0,899328,0,0,0,2048,0,112421,0,0,0,0,0,0,473724912,0,0,0,0,0,3
462595963,7001827,0,0,891663,125204,0,0,0,7133304,0,0,885244,0,6419,0,2545,0,112266,0,0,0,0,0,0,483651944,0,0,0,0,0,6422
472598657,7000950,0,0,908961,119420,0,0,0,7271688,0,0,902876,0,6085,0,4191,0,114388,0,0,0,0,0,0,494069360,0,0,0,0,0,6088
482601792,7001814,0,0,920055,12734,0,0,0,7360440,0,0,919415,0,640,0,2057,0,115088,0,0,0,0,0,0,504645160,0,0,0,0,0,646
492604270,7001346,0,0,895660,109622,0,0,0,7165280,0,0,890262,0,5398,0,2132,0,112638,0,0,0,0,0,0,515050376,0,0,0,0,0,5402
502607697,7001590,0,0,914432,0,0,0,0,7315456,0,0,914432,0,0,0,2048,0,114306,0,0,0,0,0,0,525509512,0,0,0,0,0,3
512608288,7000116,0,0,921441,196202,0,0,0,7371528,0,0,911226,0,10215,0,2207,0,116461,0,0,0,0,0,0,536020016,0,0,0,0,0,10219
522608811,7000269,0,0,918784,0,0,0,0,7350272,0,0,918784,0,0,0,4096,0,114862,0,0,0,0,0,0,546661424,0,0,0,0,0,3
532610498,7001200,0,0,929502,43156,0,0,0,7436016,0,0,927322,0,2180,0,4130,0,116462,0,0,0,0,0,0,557423392,0,0,0,0,0,2182
542611662,7000311,0,0,929243,46124,0,0,0,7433944,0,0,926823,0,2420,0,37,0,116462,0,0,0,0,0,0,568070648,0,0,0,0,0,2424
552613121,7000283,0,0,916931,74906,0,0,0,7335448,0,0,913021,0,3910,0,61,0,115113,0,0,0,0,0,0,578643984,0,0,0,0,0,3914
562614482,7001306,0,0,924372,55550,0,0,0,7394976,0,0,921501,0,2871,0,4140,0,115908,0,0,0,0,0,0,589250224,0,0,0,0,0,2874
572614969,7000244,0,0,930560,0,0,0,0,7444480,0,0,930560,0,0,0,4096,0,116323,0,0,0,0,0,0,600014512,0,0,0,0,0,2
582616028,7000353,0,0,916411,87184,0,0,0,7331288,0,0,911936,0,4475,0,2117,0,115115,0,0,0,0,0,0,610667656,0,0,0,0,0,4478
592617595,7000478,0,0,930816,0,0,0,0,7446528,0,0,930816,0,0,0,2048,0,116355,0,0,0,0,0,0,621438088,0,0,0,0,0,4
602619894,7000512,0,0,913408,0,0,0,0,7307264,0,0,913408,0,0,0,4096,0,114183,0,0,0,0,0,0,631913272,0,0,0,0,0,4
612620698,7000024,0,0,907712,85238,0,0,0,7261696,0,0,903616,0,4096,0,64,0,113980,0,0,0,0,0,0,642240248,0,0,0,0,0,4099
622622805,7000586,0,0,925108,97014,0,0,0,7400864,0,0,920189,0,4919,0,2124,0,116256,0,0,0,0,0,0,653024408,0,0,0,0,0,4922
632625465,7000711,0,0,886725,75448,0,0,0,7093800,0,0,882898,0,3827,0,4155,0,111322,0,0,0,0,0,0,663442112,0,0,0,0,0,3831
642628510,7001977,0,0,913408,0,0,0,0,7307264,0,0,913408,0,0,0,4096,0,114181,0,0,0,0,0,0,674134720,0,0,0,0,0,4
652630526,7000093,0,0,929536,0,0,0,0,7436288,0,0,929536,0,0,0,4096,0,116196,0,0,0,0,0,0,684792512,0,0,0,0,0,2
662631334,7000594,0,0,907130,167866,0,0,0,7257040,0,0,898524,0,8606,0,2182,0,114473,0,0,0,0,0,0,695344784,0,0,0,0,0,8608
672634304,7001427,0,0,919765,54622,0,0,0,7358120,0,0,916991,0,2774,0,2091,0,115323,0,0,0,0,0,0,705932600,0,0,0,0,0,2776
682638677,7000832,0,0,919947,147820,0,0,0,7359576,0,0,912430,0,7517,0,2165,0,115940,0,0,0,0,0,0,716351024,0,0,0,0,0,7521
692638894,7000213,0,0,916521,203152,0,0,0,7332168,0,0,906194,0,10327,0,1239,0,115861,0,0,0,0,0,0,726972280,0,0,0,0,0,10331
702640710,7000560,0,0,925433,9450,0,0,0,7403464,0,0,924965,0,468,0,7,0,115747,0,0,0,0,0,0,737665200,0,0,0,0,0,471
712641852,7000658,0,0,909015,372300,0,0,0,7272120,0,0,889903,0,19112,0,2345,0,116022,0,0,0,0,0,0,748134248,0,0,0,0,0,19115
722644350,7000666,0,0,921202,163458,0,0,0,7369616,0,0,912859,0,8343,0,2446,0,116197,0,0,0,0,0,0,758848248,0,0,0,0,0,8345
732645589,7000062,0,0,876461,648286,0,0,0,7011688,0,0,844633,0,31828,0,595,0,113545,0,0,0,0,0,0,769177696,0,0,0,0,0,31831
742647228,7000577,0,0,924652,25236,0,0,0,7397216,0,0,923372,0,1280,0,20,0,115746,0,0,0,0,0,0,779689424,0,0,0,0,0,1284
752651316,7002199,0,0,912930,281220,0,0,0,7303440,0,0,898663,0,14267,0,2270,0,115903,0,0,0,0,0,0,790267616,0,0,0,0,0,14271
762654038,7001177,0,0,893490,269228,0,0,0,7147920,0,0,880034,0,13456,0,2510,0,113376,0,0,0,0,0,0,800692336,0,0,0,0,0,13460
772655010,7000369,0,0,906297,246788,0,0,0,7250376,0,0,893406,0,12891,0,4295,0,114903,0,0,0,0,0,0,811258424,0,0,0,0,0,12894
782656219,7000306,0,0,894134,94776,0,0,0,7153072,0,0,889324,0,4810,0,4170,0,112387,0,0,0,0,0,0,821776360,0,0,0,0,0,4814
792657015,7000495,0,0,890198,309378,0,0,0,7121584,0,0,874120,0,16078,0,4266,0,113295,0,0,0,0,0,0,832164504,0,0,0,0,0,16081
802657305,7000211,0,0,920193,161162,0,0,0,7361544,0,0,912034,0,8159,0,127,0,116051,0,0,0,0,0,0,842821280,0,0,0,0,0,8161
812659391,7001132,0,0,928768,0,0,0,0,7430144,0,0,928768,0,0,0,2048,0,116099,0,0,0,0,0,0,853375680,0,0,0,0,0,3
822661897,7001162,0,0,891016,309280,0,0,0,7128128,0,0,875106,0,15910,0,3448,0,113374,0,0,0,0,0,0,863753984,0,0,0,0,0,15913
832662779,7000554,0,0,933632,0,0,0,0,7469056,0,0,933632,0,0,0,2048,0,116708,0,0,0,0,0,0,874289784,0,0,0,0,0,2
842666513,7001283,0,0,917248,0,0,0,0,7337984,0,0,917248,0,0,0,8192,0,114660,0,0,0,0,0,0,884970008,0,0,0,0,0,2
852675233,7000931,0,0,891469,223950,0,0,0,7131752,0,0,879958,0,11511,0,6323,0,112879,0,0,0,0,0,0,894974256,0,0,0,0,0,11512
862678150,7001259,49847,0,769588,384686,0,0,398776,6156704,49847,0,750378,0,19210,0,59413,0,98608,0,0,0,0,0,0,904812680,0,0,0,0,0,19603
875283221,7000657,0,0,900577,39448,0,0,0,7204616,0,0,898579,0,1998,0,2079,0,112828,0,0,0,0,0,0,916796872,0,0,0,0,0,2001
885286042,7002079,0,0,897024,0,0,0,0,7176192,0,0,897024,0,0,0,2048,0,112134,0,0,0,0,0,0,926832984,0,0,0,0,0,3
895288420,7001535,0,0,872396,216540,0,0,0,6979168,0,0,861692,0,10704,0,2612,0,110395,0,0,0,0,0,0,936655568,0,0,0,0,0,10707
905289552,7000061,0,0,900001,118554,0,0,0,7200008,0,0,893916,0,6085,0,4191,0,113267,0,0,0,0,0,0,946966488,0,0,0,0,0,6088
915290078,7000384,0,0,910071,12704,0,0,0,7280568,0,0,909431,0,640,0,2057,0,113842,0,0,0,0,0,0,957443984,0,0,0,0,0,646
925292694,7001371,0,0,907436,104994,0,0,0,7259488,0,0,902038,0,5398,0,2132,0,114108,0,0,0,0,0,0,967939312,0,0,0,0,0,5402
935293220,7000322,0,0,913152,0,0,0,0,7305216,0,0,913152,0,0,0,2048,0,114147,0,0,0,0,0,0,978404592,0,0,0,0,0,3
945296132,7002100,0,0,881505,200794,0,0,0,7052040,0,0,871290,0,10215,0,2207,0,111471,0,0,0,0,0,0,988544408,0,0,0,0,0,10218
955298557,7001635,0,0,933888,0,0,0,0,7471104,0,0,933888,0,0,0,4096,0,116739,0,0,0,0,0,0,999271832,0,0,0,0,0,4
965301313,7000868,0,0,925406,43250,0,0,0,7403248,0,0,923226,0,2180,0,4130,0,115951,0,0,0,0,0,0,1009880200,0,0,0,0,0,2182
975301836,7000237,0,0,918491,47214,0,0,0,7347928,0,0,916071,0,2420,0,37,0,115117,0,0,0,0,0,0,1020455776,0,0,0,0,0,2424
985303785,7000563,0,0,920259,75940,0,0,0,7362072,0,0,916349,0,3910,0,2109,0,115527,0,0,0,0,0,0,1031098744,0,0,0,0,0,3913
995306433,7001049,0,0,922324,55922,0,0,0,7378592,0,0,919453,0,2871,0,4140,0,115654,0,0,0,0,0,0,1041836056,0,0,0,0,0,2874
1005307952,7000737,0,0,912896,0,0,0,0,7303168,0,0,912896,0,0,0,4096,0,114113,0,0,0,0,0,0,1052459032,0,0,0,0,0,3
1015310578,7001813,0,0,916992,0,0,0,0,7335936,0,0,916992,0,0,0,2048,0,114629,0,0,0,0,0,0,1063125016,0,0,0,0,0,3
1025311850,7001201,0,0,933632,0,0,0,0,7469056,0,0,933632,0,0,0,4096,0,116709,0,0,0,0,0,0,1073739248,0,0,0,0,0,4
1035316690,7000063,0,0,915950,25198,0,0,0,7327600,0,0,914760,0,1190,0,2066,0,114648,0,0,0,0,0,0,1084304544,0,0,0,0,0,1194
1045319988,7002086,0,0,916344,169922,0,0,0,7330752,0,0,907608,0,8736,0,136,0,115637,0,0,0,0,0,0,1094760544,0,0,0,0,0,8740
1055322433,7001313,0,0,923828,96178,0,0,0,7390624,0,0,918909,0,4919,0,2124,0,116096,0,0,0,0,0,0,1105450496,0,0,0,0,0,4922
1065322726,7000121,0,0,901317,74554,0,0,0,7210536,0,0,897490,0,3827,0,4155,0,113147,0,0,0,0,0,0,1115935784,0,0,0,0,0,3831
1075324255,7000831,0,0,894225,0,0,0,0,7153800,0,0,894225,0,0,0,3567,0,111781,0,0,0,0,0,0,1126405296,0,0,0,0,0,4
1085325663,7001289,0,0,929280,0,0,0,0,7434240,0,0,929280,0,0,0,2048,0,116165,0,0,0,0,0,0,1137101864,0,0,0,0,0,2
1095327974,7001261,0,0,903290,168496,0,0,0,7226320,0,0,894684,0,8606,0,134,0,113992,0,0,0,0,0,0,1147701240,0,0,0,0,0,8609
1105330489,7002318,0,0,927445,53864,0,0,0,7419560,0,0,924671,0,2774,0,2091,0,116281,0,0,0,0,0,0,1158311584,0,0,0,0,0,2777
1115332497,7001818,0,0,900895,294672,0,0,0,7207160,0,0,886372,0,14523,0,2273,0,114436,0,0,0,0,0,0,1168750488,0,0,0,0,0,14527
1125334526,7001659,0,0,906327,200592,0,0,0,7250616,0,0,896000,0,10327,0,937,0,114588,0,0,0,0,0,0,1179259472,0,0,0,0,0,10331
1135335458,7000711,0,0,932857,9236,0,0,0,7462856,0,0,932389,0,468,0,7,0,116671,0,0,0,0,0,0,1189995032,0,0,0,0,0,471
1145336636,7000431,0,0,893399,383026,0,0,0,7147192,0,0,874287,0,19112,0,2345,0,114073,0,0,0,0,0,0,1200404688,0,0,0,0,0,19115
1155339369,7001209,0,0,900978,162408,0,0,0,7207824,0,0,892635,0,8343,0,398,0,113675,0,0,0,0,0,0,1210911840,0,0,0,0,0,8345
1165340803,7000771,0,0,896233,544410,0,0,0,7169864,0,0,868249,0,27984,0,535,0,115532,0,0,0,0,0,0,1221315496,0,0,0,0,0,27988
1175344508,7002038,0,0,917740,25034,0,0,0,7341920,0,0,916460,0,1280,0,20,0,114883,0,0,0,0,0,0,1231605560,0,0,0,0,0,1284
1185346840,7001159,0,0,899618,277886,0,0,0,7196944,0,0,885351,0,14267,0,2270,0,114239,0,0,0,0,0,0,1242056776,0,0,0,0,0,14270
1195349006,7001579,0,0,919346,262984,0,0,0,7354768,0,0,905890,0,13456,0,2510,0,116603,0,0,0,0,0,0,1252749784,0,0,0,0,0,13460
1205349795,7000100,0,0,906297,250414,0,0,0,7250376,0,0,893406,0,12891,0,2247,0,114902,0,0,0,0,0,0,1263334304,0,0,0,0,0,12895
1215352771,7001576,0,0,915196,5438,0,0,0,7321568,0,0,914914,0,282,0,2052,0,114442,0,0,0,0,0,0,1274020736,0,0,0,0,0,286
1225356152,7000893,0,0,914176,0,0,0,0,7313408,0,0,914176,0,0,0,2048,0,114276,0,0,0,0,0,0,1284401488,0,0,0,0,0,4
1235359137,7000684,0,0,917889,167528,0,0,0,7343112,0,0,909730,0,8159,0,127,0,115759,0,0,0,0,0,0,1294483464,0,0,0,0,0,8161
1245361907,7001334,0,0,913152,0,0,0,0,7305216,0,0,913152,0,0,0,2048,0,114151,0,0,0,0,0,0,1304869928,0,0,0,0,0,2
1255364824,7001108,0,0,878018,233416,0,0,0,7024144,0,0,865850,0,12168,0,3390,0,111278,0,0,0,0,0,0,1315164728,0,0,0,0,0,12170
1265367947,7001546,0,0,913007,179150,0,0,0,7304056,0,0,903648,0,9359,0,2193,0,115300,0,0,0,0,0,0,1325628384,0,0,0,0,0,9361
1275369442,7001040,0,0,914932,16072,0,0,0,7319456,0,0,914164,0,768,0,6156,0,114465,0,0,0,0,0,0,1336284032,0,0,0,0,0,771
1285371782,7001293,0,0,904223,428902,0,0,0,7233784,0,0,882478,0,21745,0,7649,0,115751,0,0,0,0,0,0,1346636440,0,0,0,0,0,21746
1295374364,7001239,0,0,896097,377188,0,0,0,7168776,0,0,876887,0,19210,0,10143,0,114420,0,0,0,0,0,0,1357133216,0,0,0,0,0,19215
1309416722,7001225,34560,0,947757,103328,0,0,276480,7582056,34560,0,942413,0,5344,0,37054,0,114555,0,0,0,0,0,0,1370038064,0,0,0,0,0,5631
1319417622,7000212,0,0,913408,0,0,0,0,7307264,0,0,913408,0,0,0,2048,0,114178,0,0,0,0,0,0,1380172480,0,0,0,0,0,3
1329421323,7001627,0,0,897566,102728,0,0,0,7180528,0,0,892156,0,5410,0,2530,0,112876,0,0,0,0,0,0,1390091320,0,0,0,0,0,5413
1339422207,7000840,0,0,895649,119818,0,0,0,7165192,0,0,889564,0,6085,0,4191,0,112722,0,0,0,0,0,0,1400437056,0,0,0,0,0,6088
1349424512,7001471,0,0,921591,12880,0,0,0,7372728,0,0,920951,0,640,0,2057,0,115282,0,0,0,0,0,0,1411000568,0,0,0,0,0,646
1359426596,7001909,0,0,906412,106388,0,0,0,7251296,0,0,901014,0,5398,0,2132,0,113981,0,0,0,0,0,0,1421514328,0,0,0,0,0,5402
1369430957,7001852,0,0,920576,0,0,0,0,7364608,0,0,920576,0,0,0,2048,0,115075,0,0,0,0,0,0,1432028760,0,0,0,0,0,3
1379432214,7001219,0,0,920673,198964,0,0,0,7365384,0,0,910458,0,10215,0,2207,0,116364,0,0,0,0,0,0,1442551552,0,0,0,0,0,10219
1389433561,7000889,0,0,909312,0,0,0,0,7274496,0,0,909312,0,0,0,4096,0,113667,0,0,0,0,0,0,1453115136,0,0,0,0,0,3
1399435631,7001977,0,0,921566,42350,0,0,0,7372528,0,0,919386,0,2180,0,4130,0,115469,0,0,0,0,0,0,1463782896,0,0,0,0,0,2182
1409437490,7000347,0,0,923611,47320,0,0,0,7388888,0,0,921191,0,2420,0,37,0,115758,0,0,0,0,0,0,1474374856,0,0,0,0,0,2424
1419439430,7001482,0,0,914371,76024,0,0,0,7314968,0,0,910461,0,3910,0,61,0,114791,0,0,0,0,0,0,1484954336,0,0,0,0,0,3913
1429442375,7001704,0,0,917204,56594,0,0,0,7337632,0,0,914333,0,2871,0,4140,0,115013,0,0,0,0,0,0,1495556480,0,0,0,0,0,2874
1439444195,7000982,0,0,929024,0,0,0,0,7432192,0,0,929024,0,0,0,4096,0,116130,0,0,0,0,0,0,1506298240,0,0,0,0,0,2
1449445296,7000358,0,0,919227,92262,0,0,0,7353816,0,0,914752,0,4475,0,2117,0,115466,0,0,0,0,0,0,1516947288,0,0,0,0,0,4478
1459447212,7001385,0,0,925440,0,0,0,0,7403520,0,0,925440,0,0,0,2048,0,115683,0,0,0,0,0,0,1527635800,0,0,0,0,0,4
1469450171,7002218,0,0,918528,0,0,0,0,7348224,0,0,918528,0,0,0,4096,0,114819,0,0,0,0,0,0,1538131464,0,0,0,0,0,4
1479452578,7001797,0,0,903104,96244,0,0,0,7224832,0,0,899008,0,4096,0,64,0,113404,0,0,0,0,0,0,1548468680,0,0,0,0,0,4099
1489453979,7000721,0,0,913588,95526,0,0,0,7308704,0,0,908669,0,4919,0,2124,0,114817,0,0,0,0,0,0,1559084904,0,0,0,0,0,4922
1499455806,7000182,0,0,910533,74480,0,0,0,7284264,0,0,906706,0,3827,0,4155,0,114297,0,0,0,0,0,0,1569590672,0,0,0,0,0,3831
1509458514,7001268,0,0,926720,0,0,0,0,7413760,0,0,926720,0,0,0,4096,0,115845,0,0,0,0,0,0,1580256656,0,0,0,0,0,4
1519459130,7000433,0,0,934656,0,0,0,0,7477248,0,0,934656,0,0,0,2048,0,116835,0,0,0,0,0,0,1591018896,0,0,0,0,0,2
1529461610,7001595,0,0,922287,171362,0,0,0,7378296,0,0,913681,0,8606,0,1617,0,116366,0,0,0,0,0,0,1601669896,0,0,0,0,0,8608
1539461729,7000040,0,0,914389,54008,0,0,0,7315112,0,0,911615,0,2774,0,2091,0,114649,0,0,0,0,0,0,1612339208,0,0,0,0,0,2776
1549466006,7001423,0,0,922795,107036,0,0,0,7382360,0,0,917294,0,5501,0,2133,0,116041,0,0,0,0,0,0,1622774016,0,0,0,0,0,5505
1559467690,7000421,0,0,919895,200756,0,0,0,7359160,0,0,909568,0,10327,0,2985,0,116281,0,0,0,0,0,0,1633428408,0,0,0,0,0,10331
1569467949,7000219,0,0,891385,9278,0,0,0,7131080,0,0,890917,0,468,0,7,0,111487,0,0,0,0,0,0,1643867008,0,0,0,0,0,471
1579469384,7000932,0,0,901335,372286,0,0,0,7210680,0,0,882223,0,19112,0,2345,0,115060,0,0,0,0,0,0,1654383160,0,0,0,0,0,19115
1589471783,7001888,0,0,920690,163588,0,0,0,7365520,0,0,912347,0,8343,0,398,0,116136,0,0,0,0,0,0,1664955848,0,0,0,0,0,8345
1599474136,7001737,0,0,886701,634492,0,0,0,7093608,0,0,854873,0,31828,0,595,0,114820,0,0,0,0,0,0,1675283248,0,0,0,0,0,31831
1609476432,7000832,0,0,932588,25822,0,0,0,7460704,0,0,931308,0,1280,0,20,0,116737,0,0,0,0,0,0,1685811360,0,0,0,0,0,1284
1619478018,7000558,0,0,919842,278820,0,0,0,7358736,0,0,905575,0,14267,0,2270,0,116766,0,0,0,0,0,0,1696471472,0,0,0,0,0,14271
1629480731,7001093,0,0,907570,262636,0,0,0,7260560,0,0,894114,0,13456,0,2510,0,115133,0,0,0,0,0,0,1707010880,0,0,0,0,0,13460
1639481697,7000419,0,0,882233,292564,0,0,0,7057864,0,0,869342,0,12891,0,4295,0,111896,0,0,0,0,0,0,1717394696,0,0,0,0,0,12894
1649482721,7000304,0,0,918966,93000,0,0,0,7351728,0,0,914156,0,4810,0,4170,0,115475,0,0,0,0,0,0,1728099000,0,0,0,0,0,4814
1659484506,7000642,0,0,892758,335702,0,0,0,7142064,0,0,876680,0,16078,0,4266,0,113609,0,0,0,0,0,0,1738478952,0,0,0,0,0,16081
1669484592,7000002,0,0,918657,156870,0,0,0,7349256,0,0,910498,0,8159,0,127,0,115858,0,0,0,0,0,0,1749041520,0,0,0,0,0,8161
1679485848,7000987,0,0,927232,0,0,0,0,7417856,0,0,927232,0,0,0,2048,0,115907,0,0,0,0,0,0,1759573392,0,0,0,0,0,3
1689486677,7000256,0,0,895624,316266,0,0,0,7164992,0,0,879714,0,15910,0,3448,0,113951,0,0,0,0,0,0,1769994704,0,0,0,0,0,15913
1699488765,7001665,0,0,929792,0,0,0,0,7438336,0,0,929792,0,0,0,2048,0,116227,0,0,0,0,0,0,1780489544,0,0,0,0,0,3
1709490148,7001344,0,0,914432,0,0,0,0,7315456,0,0,914432,0,0,0,8192,0,114306,0,0,0,0,0,0,1791128808,0,0,0,0,0,2
1719491724,7001488,0,0,899051,351354,0,0,0,7192408,0,0,881238,0,17813,0,6421,0,114611,0,0,0,0,0,0,1801368576,0,0,0,0,0,17814
1729494119,7001417,52780,0,775860,367686,0,0,422240,6206880,52780,0,756650,0,19210,0,62240,0,99389,0,0,0,0,0,0,1811241728,0,0,0,0,0,19623
1741946005,7001321,0,0,895933,81614,0,0,0,7167464,0,0,891667,0,4266,0,2115,0,112528,0,0,0,0,0,0,1823125656,0,0,0,0,0,4269
1751949154,7000723,0,0,898304,0,0,0,0,7186432,0,0,898304,0,0,0,2048,0,112293,0,0,0,0,0,0,1833157672,0,0,0,0,0,3
1761957310,7000852,0,0,893372,231154,0,0,0,7146976,0,0,881660,0,11712,0,2628,0,113139,0,0,0,0,0,0,1843199392,0,0,0,0,0,11715
1771960886,7001832,0,0,899745,119648,0,0,0,7197960,0,0,893660,0,6085,0,4191,0,113232,0,0,0,0,0,0,1853551272,0,0,0,0,0,6088
1781961315,7000095,0,0,870135,12540,0,0,0,6961080,0,0,869495,0,640,0,2057,0,108876,0,0,0,0,0,0,1863701088,0,0,0,0,0,646
1791963734,7002330,0,0,892844,111032,0,0,0,7142752,0,0,887446,0,5398,0,2132,0,112286,0,0,0,0,0,0,1874044864,0,0,0,0,0,5401
1801966424,7000653,0,0,924928,0,0,0,0,7399424,0,0,924928,0,0,0,2048,0,115620,0,0,0,0,0,0,1884639168,0,0,0,0,0,3
1811967122,7000150,0,0,910689,211612,0,0,0,7285512,0,0,900474,0,10215,0,2207,0,115118,0,0,0,0,0,0,1895018600,0,0,0,0,0,10218
1821969054,7000690,0,0,932608,0,0,0,0,7460864,0,0,932608,0,0,0,4096,0,116581,0,0,0,0,0,0,1905748072,0,0,0,0,0,3
1831971079,7000607,0,0,932318,43052,0,0,0,7458544,0,0,930138,0,2180,0,4130,0,116814,0,0,0,0,0,0,1916430168,0,0,0,0,0,2182
1841972598,7001046,0,0,921819,49970,0,0,0,7374552,0,0,919399,0,2420,0,37,0,115537,0,0,0,0,0,0,1927038512,0,0,0,0,0,2424
1851973791,7001098,0,0,924867,74900,0,0,0,7398936,0,0,920957,0,3910,0,2109,0,116102,0,0,0,0,0,0,1937644616,0,0,0,0,0,3913
1861975958,7001522,0,0,914388,59368,0,0,0,7315104,0,0,911517,0,2871,0,4140,0,114664,0,0,0,0,0,0,1948234472,0,0,0,0,0,2874
1871978419,7001212,0,0,921088,0,0,0,0,7368704,0,0,921088,0,0,0,4096,0,115141,0,0,0,0,0,0,1958898408,0,0,0,0,0,3
1881981043,7000757,0,0,902144,0,0,0,0,7217152,0,0,902144,0,0,0,2048,0,112771,0,0,0,0,0,0,1969394408,0,0,0,0,0,3
1891981685,7000471,0,0,934144,0,0,0,0,7473152,0,0,934144,0,0,0,4096,0,116769,0,0,0,0,0,0,1980027072,0,0,0,0,0,4
1901984969,7002009,0,0,912834,77538,0,0,0,7302672,0,0,908872,0,3962,0,2110,0,114603,0,0,0,0,0,0,1990641520,0,0,0,0,0,3966
1911992319,7000592,0,0,919168,160974,0,0,0,7353344,0,0,911008,0,8160,0,128,0,115917,0,0,0,0,0,0,2001206064,0,0,0,0,0,8163
1921993372,7000696,0,0,919220,97398,0,0,0,7353760,0,0,914301,0,4919,0,2124,0,115520,0,0,0,0,0,0,2011908304,0,0,0,0,0,4922
1931994730,7000805,0,0,916677,75234,0,0,0,7333416,0,0,912850,0,3827,0,4155,0,115067,0,0,0,0,0,0,2022483704,0,0,0,0,0,3831
1941997142,7000243,0,0,927488,0,0,0,0,7419904,0,0,927488,0,0,0,4096,0,115940,0,0,0,0,0,0,2033176312,0,0,0,0,0,4
1951999665,7000795,0,0,932352,0,0,0,0,7458816,0,0,932352,0,0,0,2048,0,116548,0,0,0,0,0,0,2043985656,0,0,0,0,0,2
1962001827,7000994,0,0,910458,169730,0,0,0,7283664,0,0,901852,0,8606,0,134,0,114893,0,0,0,0,0,0,2054580936,0,0,0,0,0,8609
1972003882,7001066,0,0,931029,53146,0,0,0,7448232,0,0,928255,0,2774,0,2091,0,116731,0,0,0,0,0,0,2065256816,0,0,0,0,0,2777
1982008181,7001399,0,0,911654,269912,0,0,0,7293232,0,0,897582,0,14072,0,2266,0,115720,0,0,0,0,0,0,2075808360,0,0,0,0,0,14076
1992009603,7001080,0,0,918359,197518,0,0,0,7346872,0,0,908032,0,10327,0,937,0,116092,0,0,0,0,0,0,2086436128,0,0,0,0,0,10331
2002010555,7000217,0,0,935161,9338,0,0,0,7481288,0,0,934693,0,468,0,7,0,116956,0,0,0,0,0,0,2097190120,0,0,0,0,0,471
2012012545,7000095,0,0,904407,425998,0,0,0,7235256,0,0,885295,0,19112,0,2345,0,115445,0,0,0,0,0,0,2107700128,0,0,0,0,0,19115
2022013179,7000388,0,0,879474,166362,0,0,0,7035792,0,0,871131,0,8343,0,398,0,110982,0,0,0,0,0,0,2117994288,0,0,0,0,0,8345
2032015239,7000878,0,0,896685,627790,0,0,0,7173480,0,0,864857,0,31828,0,595,0,116068,0,0,0,0,0,0,2128467096,0,0,0,0,0,31832
2042018132,7002080,0,0,924396,25314,0,0,0,7395168,0,0,923116,0,1280,0,20,0,115713,0,0,0,0,0,0,2138972680,0,0,0,0,0,1284
2052021286,7000734,0,0,899362,276520,0,0,0,7194896,0,0,885095,0,14267,0,2270,0,114209,0,0,0,0,0,0,2149417752,0,0,0,0,0,14271
2062024650,7001969,0,0,909106,258112,0,0,0,7272848,0,0,895650,0,13456,0,2510,0,115324,0,0,0,0,0,0,2160020648,0,0,0,0,0,13460
2072024674,7000006,0,0,896057,247556,0,0,0,7168456,0,0,883166,0,12891,0,4295,0,113621,0,0,0,0,0,0,2170482288,0,0,0,0,0,12894
2082027817,7001911,0,0,905142,97084,0,0,0,7241136,0,0,900332,0,4810,0,4170,0,113751,0,0,0,0,0,0,2181026848,0,0,0,0,0,4814
2092031100,7001532,0,0,913238,308662,0,0,0,7305904,0,0,897160,0,16078,0,4266,0,116169,0,0,0,0,0,0,2191582928,0,0,0,0,0,16081
2102033340,7001220,0,0,916353,157634,0,0,0,7330824,0,0,908194,0,8159,0,127,0,115570,0,0,0,0,0,0,2202184408,0,0,0,0,0,8161
2112034738,7000089,0,0,918528,0,0,0,0,7348224,0,0,918528,0,0,0,2048,0,114821,0,0,0,0,0,0,2212644600,0,0,0,0,0,3
2122036802,7000924,0,0,911496,313172,0,0,0,7291968,0,0,895586,0,15910,0,3448,0,115933,0,0,0,0,0,0,2223174456,0,0,0,0,0,15913
2132040370,7001715,0,0,931840,0,0,0,0,7454720,0,0,931840,0,0,0,2048,0,116486,0,0,0,0,0,0,2233693872,0,0,0,0,0,3
2142042548,7001033,0,0,904704,0,0,0,0,7237632,0,0,904704,0,0,0,8192,0,113093,0,0,0,0,0,0,2244245072,0,0,0,0,0,2
2152044319,7000535,0,0,905975,354284,0,0,0,7247800,0,0,888918,0,17057,0,6409,0,115383,0,0,0,0,0,0,2254622056,0,0,0,0,0,17058
2162046811,7001382,57775,0,768436,378736,0,0,462200,6147488,57775,0,749226,0,19210,0,67485,0,98460,0,0,0,0,0,0,2264520832,0,0,0,0,0,19667
2174405106,7001654,0,0,882357,92686,0,0,0,7058856,0,0,877587,0,4770,0,2123,0,110897,0,0,0,0,0,0,2276205056,0,0,0,0,0,4773
2184407768,7001487,0,0,892416,0,0,0,0,7139328,0,0,892416,0,0,0,2048,0,111556,0,0,0,0,0,0,2286173584,0,0,0,0,0,3
2194414147,7000665,0,0,869751,316330,0,0,0,6958008,0,0,853500,0,16251,0,2697,0,110757,0,0,0,0,0,0,2296166152,0,0,0,0,0,16254
2204417300,7001439,0,0,893345,118352,0,0,0,7146760,0,0,887260,0,6085,0,4191,0,112434,0,0,0,0,0,0,2306393104,0,0,0,0,0,6088
2214419903,7001389,0,0,923383,12548,0,0,0,7387064,0,0,922743,0,640,0,2057,0,115506,0,0,0,0,0,0,2317007816,0,0,0,0,0,646
2224422467,7001473,0,0,910764,105036,0,0,0,7286112,0,0,905366,0,5398,0,2132,0,114523,0,0,0,0,0,0,2327527720,0,0,0,0,0,5402
2234423598,7000938,0,0,901888,0,0,0,0,7215104,0,0,901888,0,0,0,2048,0,112743,0,0,0,0,0,0,2337995048,0,0,0,0,0,3
2244426383,7000782,0,0,913249,201460,0,0,0,7305992,0,0,903034,0,10215,0,2207,0,115438,0,0,0,0,0,0,2348372432,0,0,0,0,0,10219
2254429532,7001204,0,0,937984,0,0,0,0,7503872,0,0,937984,0,0,0,4096,0,117251,0,0,0,0,0,0,2359101904,0,0,0,0,0,3
2264431828,7001331,0,0,919006,43024,0,0,0,7352048,0,0,916826,0,2180,0,4130,0,115152,0,0,0,0,0,0,2369650880,0,0,0,0,0,2182
2274434674,7001510,0,0,925147,47534,0,0,0,7401176,0,0,922727,0,2420,0,37,0,115949,0,0,0,0,0,0,2380330904,0,0,0,0,0,2424
2284435970,7000099,0,0,924867,76946,0,0,0,7398936,0,0,920957,0,3910,0,2109,0,116102,0,0,0,0,0,0,2391041456,0,0,0,0,0,3913
2294438249,7001314,0,0,910036,54920,0,0,0,7280288,0,0,907165,0,2871,0,4140,0,114123,0,0,0,0,0,0,2401637456,0,0,0,0,0,2874
2304440865,7002182,0,0,932096,0,0,0,0,7456768,0,0,932096,0,0,0,4096,0,116513,0,0,0,0,0,0,2412397648,0,0,0,0,0,3
2314443606,7001269,0,0,927163,86122,0,0,0,7417304,0,0,922688,0,4475,0,2117,0,116456,0,0,0,0,0,0,2423132712,0,0,0,0,0,4478
2324444572,7000349,0,0,923392,0,0,0,0,7387136,0,0,923392,0,0,0,2048,0,115427,0,0,0,0,0,0,2433815080,0,0,0,0,0,4
2334445365,7000700,0,0,926208,0,0,0,0,7409664,0,0,926208,0,0,0,4096,0,115779,0,0,0,0,0,0,2444392664,0,0,0,0,0,4
2344446547,7000587,0,0,913344,80860,0,0,0,7306752,0,0,909248,0,4096,0,64,0,114683,0,0,0,0,0,0,2454758552,0,0,0,0,0,4099
2354449753,7000713,0,0,906676,95518,0,0,0,7253408,0,0,901757,0,4919,0,2124,0,113955,0,0,0,0,0,0,2465376824,0,0,0,0,0,4922
2364453098,7001823,0,0,923589,74576,0,0,0,7388712,0,0,919762,0,3827,0,4155,0,115929,0,0,0,0,0,0,2475993184,0,0,0,0,0,3831
2374455054,7000610,0,0,929792,0,0,0,0,7438336,0,0,929792,0,0,0,4096,0,116226,0,0,0,0,0,0,2486712416,0,0,0,0,0,4
2384458982,7001519,0,0,920576,0,0,0,0,7364608,0,0,920576,0,0,0,2048,0,115079,0,0,0,0,0,0,2497349728,0,0,0,0,0,2
2394460802,7000653,0,0,929146,167444,0,0,0,7433168,0,0,920540,0,8606,0,134,0,117224,0,0,0,0,0,0,2508039216,0,0,0,0,0,8609
2404463344,7001882,0,0,939733,54042,0,0,0,7517864,0,0,936959,0,2774,0,2091,0,117817,0,0,0,0,0,0,2518797016,0,0,0,0,0,2776
2414467057,7000722,0,0,911797,93994,0,0,0,7294376,0,0,906983,0,4814,0,2123,0,114585,0,0,0,0,0,0,2529160144,0,0,0,0,0,4818
2424468465,7000739,0,0,917079,202116,0,0,0,7336632,0,0,906752,0,10327,0,2985,0,115928,0,0,0,0,0,0,2539759240,0,0,0,0,0,10331
2434469960,7000370,0,0,930553,9260,0,0,0,7444424,0,0,930085,0,468,0,7,0,116381,0,0,0,0,0,0,2550490704,0,0,0,0,0,471
2444472728,7002041,0,0,883671,394090,0,0,0,7069368,0,0,864559,0,19112,0,2345,0,112857,0,0,0,0,0,0,2560789768,0,0,0,0,0,19115
2454475400,7001844,0,0,900722,175300,0,0,0,7205776,0,0,892379,0,8343,0,398,0,113639,0,0,0,0,0,0,2571255960,0,0,0,0,0,8345
2464477431,7000157,0,0,896429,620478,0,0,0,7171432,0,0,864601,0,31828,0,595,0,116036,0,0,0,0,0,0,2581693952,0,0,0,0,0,31832
2474479718,7000896,0,0,921324,24930,0,0,0,7370592,0,0,920044,0,1280,0,20,0,115330,0,0,0,0,0,0,2592207728,0,0,0,0,0,1284
2484482985,7002447,0,0,921634,280166,0,0,0,7373072,0,0,907367,0,14267,0,2270,0,116991,0,0,0,0,0,0,2602951808,0,0,0,0,0,14271
2494485679,7001880,0,0,903218,258286,0,0,0,7225744,0,0,889762,0,13456,0,2510,0,114593,0,0,0,0,0,0,2613513744,0,0,0,0,0,13460
2504488216,7001666,0,0,872761,250990,0,0,0,6982088,0,0,859870,0,12891,0,4295,0,110712,0,0,0,0,0,0,2623780824,0,0,0,0,0,12894
2514489285,7000325,0,0,926134,93484,0,0,0,7409072,0,0,921324,0,4810,0,4170,0,116372,0,0,0,0,0,0,2634521992,0,0,0,0,0,4814
2524490213,7000154,0,0,895318,312844,0,0,0,7162544,0,0,879240,0,16078,0,4266,0,113934,0,0,0,0,0,0,2644908088,0,0,0,0,0,16081
2534491296,7000945,0,0,904833,158322,0,0,0,7238664,0,0,896674,0,8159,0,127,0,114131,0,0,0,0,0,0,2655392832,0,0,0,0,0,8161
2544493035,7001414,0,0,930560,0,0,0,0,7444480,0,0,930560,0,0,0,2048,0,116324,0,0,0,0,0,0,2665975904,0,0,0,0,0,3
2554494537,7000804,0,0,908168,309702,0,0,0,7265344,0,0,892258,0,15910,0,3448,0,115514,0,0,0,0,0,0,2676548768,0,0,0,0,0,15913
2564498224,7002218,0,0,921344,0,0,0,0,7370752,0,0,921344,0,0,0,2048,0,115172,0,0,0,0,0,0,2686984216,0,0,0,0,0,2
2574500744,7000902,0,0,926208,0,0,0,0,7409664,0,0,926208,0,0,0,8192,0,115781,0,0,0,0,0,0,2697648056,0,0,0,0,0,2
2584506656,7001357,0,0,888579,334734,0,0,0,7108632,0,0,872278,0,16301,0,6397,0,113116,0,0,0,0,0,0,2707680976,0,0,0,0,0,16302
2594508139,7001410,46328,0,775220,391318,0,0,370624,6201760,46328,0,756010,0,19210,0,55508,0,99312,0,0,0,0,0,0,2717524016,0,0,0,0,0,19575
2607256545,7001550,0,0,909761,79030,0,0,0,7278088,0,0,905747,0,4014,0,2111,0,114228,0,0,0,0,0,0,2729622376,0,0,0,0,0,4017
2617258556,7000558,0,0,899072,0,0,0,0,7192576,0,0,899072,0,0,0,2048,0,112389,0,0,0,0,0,0,2739625720,0,0,0,0,0,3
2627263159,7000971,0,0,901883,161254,0,0,0,7215064,0,0,894204,0,7679,0,2565,0,113699,0,0,0,0,0,0,2749683824,0,0,0,0,0,7682
2637264194,7000193,0,0,901793,120864,0,0,0,7214344,0,0,895708,0,6085,0,4191,0,113488,0,0,0,0,0,0,2760062328,0,0,0,0,0,6088
2647265985,7000644,0,0,907767,12750,0,0,0,7262136,0,0,907127,0,640,0,2057,0,113556,0,0,0,0,0,0,2770554160,0,0,0,0,0,646
2657268645,7001072,0,0,915628,103458,0,0,0,7325024,0,0,910230,0,5398,0,2132,0,115136,0,0,0,0,0,0,2781037200,0,0,0,0,0,5402
2667269912,7000926,0,0,916736,0,0,0,0,7333888,0,0,916736,0,0,0,2048,0,114596,0,0,0,0,0,0,2791506576,0,0,0,0,0,3
2677273278,7001462,0,0,915809,196038,0,0,0,7326472,0,0,905594,0,10215,0,2207,0,115759,0,0,0,0,0,0,2801894200,0,0,0,0,0,10219
2687274164,7000061,0,0,939520,0,0,0,0,7516160,0,0,939520,0,0,0,4096,0,117442,0,0,0,0,0,0,2812621624,0,0,0,0,0,3
2697275689,7001111,0,0,918238,45696,0,0,0,7345904,0,0,916058,0,2180,0,4130,0,115057,0,0,0,0,0,0,2823203368,0,0,0,0,0,2182
2707279379,7001931,0,0,926171,46472,0,0,0,7409368,0,0,923751,0,2420,0,37,0,116077,0,0,0,0,0,0,2833813760,0,0,0,0,0,2424
2717280174,7000617,0,0,924867,75858,0,0,0,7398936,0,0,920957,0,3910,0,2109,0,116101,0,0,0,0,0,0,2844462872,0,0,0,0,0,3913
2727280683,7000051,0,0,915668,56078,0,0,0,7325344,0,0,912797,0,2871,0,4140,0,114822,0,0,0,0,0,0,2855050680,0,0,0,0,0,2873
2737281962,7000712,0,0,927744,0,0,0,0,7421952,0,0,927744,0,0,0,4096,0,115970,0,0,0,0,0,0,2865835448,0,0,0,0,0,2
2747284206,7001111,0,0,922555,87026,0,0,0,7380440,0,0,918080,0,4475,0,2117,0,115881,0,0,0,0,0,0,2876494736,0,0,0,0,0,4478
2757285893,7000282,0,0,934400,0,0,0,0,7475200,0,0,934400,0,0,0,2048,0,116802,0,0,0,0,0,0,2887224208,0,0,0,0,0,4
2767286756,7000470,0,0,924672,0,0,0,0,7397376,0,0,924672,0,0,0,4096,0,115590,0,0,0,0,0,0,2897764928,0,0,0,0,0,4
2777289061,7000279,0,0,922816,80682,0,0,0,7382528,0,0,918720,0,4096,0,64,0,115866,0,0,0,0,0,0,2908161536,0,0,0,0,0,4099
2787292180,7001340,0,0,905140,103044,0,0,0,7241120,0,0,900221,0,4919,0,2124,0,113766,0,0,0,0,0,0,2918685600,0,0,0,0,0,4922
2797296042,7002002,0,0,903109,80302,0,0,0,7224872,0,0,899282,0,3827,0,4155,0,113374,0,0,0,0,0,0,2929181128,0,0,0,0,0,3831
2807298057,7000607,0,0,913920,0,0,0,0,7311360,0,0,913920,0,0,0,4096,0,114246,0,0,0,0,0,0,2939869640,0,0,0,0,0,4
2817300042,7000048,0,0,895488,0,0,0,0,7163904,0,0,895488,0,0,0,2048,0,111942,0,0,0,0,0,0,2950283720,0,0,0,0,0,2
2827302384,7001345,0,0,921978,164774,0,0,0,7375824,0,0,913372,0,8606,0,134,0,116328,0,0,0,0,0,0,2960942488,0,0,0,0,0,8609
2837303754,7000730,0,0,927957,53436,0,0,0,7423656,0,0,925183,0,2774,0,2091,0,116345,0,0,0,0,0,0,2971636800,0,0,0,0,0,2777
2847310260,7000920,0,0,902950,292282,0,0,0,7223600,0,0,888878,0,14072,0,2266,0,114632,0,0,0,0,0,0,2982122808,0,0,0,0,0,14076
2857311398,7000866,0,0,911703,209546,0,0,0,7293624,0,0,901376,0,10327,0,937,0,115262,0,0,0,0,0,0,2992711664,0,0,0,0,0,10331
2867312787,7001193,0,0,927481,9122,0,0,0,7419848,0,0,927013,0,468,0,7,0,115997,0,0,0,0,0,0,3003426744,0,0,0,0,0,471
2877315958,7001345,0,0,908759,365832,0,0,0,7270072,0,0,889647,0,19112,0,2345,0,115990,0,0,0,0,0,0,3013998192,0,0,0,0,0,19115
2887318449,7000109,0,0,911218,168294,0,0,0,7289744,0,0,902875,0,8343,0,2446,0,114949,0,0,0,0,0,0,3024630272,0,0,0,0,0,8345
2897319874,7001350,0,0,876461,632352,0,0,0,7011688,0,0,844633,0,31828,0,595,0,113544,0,0,0,0,0,0,3034957672,0,0,0,0,0,31831
2907321123,7000300,0,0,918508,24946,0,0,0,7348064,0,0,917228,0,1280,0,20,0,114976,0,0,0,0,0,0,3045477592,0,0,0,0,0,1284
2917322776,7000686,0,0,909090,278850,0,0,0,7272720,0,0,894823,0,14267,0,2270,0,115424,0,0,0,0,0,0,3056039400,0,0,0,0,0,14271
2927324578,7000852,0,0,917554,261600,0,0,0,7340432,0,0,904098,0,13456,0,2510,0,116381,0,0,0,0,0,0,3066650488,0,0,0,0,0,13460
2937327399,7001773,0,0,902201,250872,0,0,0,7217608,0,0,889310,0,12891,0,4295,0,114393,0,0,0,0,0,0,3077153088,0,0,0,0,0,12894
2947328475,7000960,0,0,914102,96424,0,0,0,7312816,0,0,909292,0,4810,0,4170,0,114867,0,0,0,0,0,0,3087806192,0,0,0,0,0,4814
2957330862,7000921,0,0,911958,308542,0,0,0,7295664,0,0,895880,0,16078,0,4266,0,116009,0,0,0,0,0,0,3098345888,0,0,0,0,0,16081
2967331813,7000275,0,0,921729,156692,0,0,0,7373832,0,0,913570,0,8159,0,127,0,116240,0,0,0,0,0,0,3108953512,0,0,0,0,0,8161
2977334212,7001364,0,0,927232,0,0,0,0,7417856,0,0,927232,0,0,0,2048,0,115908,0,0,0,0,0,0,3119520200,0,0,0,0,0,3
2987335027,7000078,0,0,911240,312118,0,0,0,7289920,0,0,895330,0,15910,0,3448,0,115898,0,0,0,0,0,0,3130039816,0,0,0,0,0,15913
2997336832,7001007,0,0,931840,0,0,0,0,7454720,0,0,931840,0,0,0,2048,0,116484,0,0,0,0,0,0,3140532608,0,0,0,0,0,2
3007340071,7001335,0,0,924928,0,0,0,0,7399424,0,0,924928,0,0,0,8192,0,115618,0,0,0,0,0,0,3151245600,0,0,0,0,0,2
3017348958,7001077,0,0,922834,55880,0,0,0,7382672,0,0,919894,0,2940,0,8238,0,115726,0,0,0,0,0,0,3161253944,0,0,0,0,0,2941
3027351667,7001412,64585,0,747700,368210,0,0,516680,5981600,64585,0,728490,0,19210,0,73987,0,95870,0,0,0,0,0,0,3171012640,0,0,0,0,0,19722
3039578023,7000880,0,0,897981,89482,0,0,0,7183848,0,0,893715,0,4266,0,2115,0,112785,0,0,0,0,0,0,3182718160,0,0,0,0,0,4269
3049580458,7000527,0,0,909824,0,0,0,0,7278592,0,0,909824,0,0,0,2048,0,113732,0,0,0,0,0,0,3192780896,0,0,0,0,0,3
3059587959,7000017,0,0,901072,204306,0,0,0,7208576,0,0,890620,0,10452,0,2608,0,113943,0,0,0,0,0,0,3202847192,0,0,0,0,0,10455
3069589136,7000847,0,0,896161,118322,0,0,0,7169288,0,0,890076,0,6085,0,4191,0,112784,0,0,0,0,0,0,3213172448,0,0,0,0,0,6088
3079591117,7000907,0,0,922103,12720,0,0,0,7376824,0,0,921463,0,640,0,2057,0,115345,0,0,0,0,0,0,3223787160,0,0,0,0,0,646
3089591835,7000063,0,0,907948,106292,0,0,0,7263584,0,0,902550,0,5398,0,2132,0,114170,0,0,0,0,0,0,3234235384,0,0,0,0,0,5402
3099592672,7000499,0,0,903424,0,0,0,0,7227392,0,0,903424,0,0,0,2048,0,112931,0,0,0,0,0,0,3244565496,0,0,0,0,0,3
3109593576,7000057,0,0,918881,201888,0,0,0,7351048,0,0,908666,0,10215,0,2207,0,116141,0,0,0,0,0,0,3254951072,0,0,0,0,0,10219
3119594286,7000572,0,0,937984,0,0,0,0,7503872,0,0,937984,0,0,0,4096,0,117249,0,0,0,0,0,0,3265641632,0,0,0,0,0,3
3129596116,7001329,0,0,918238,42268,0,0,0,7345904,0,0,916058,0,2180,0,4130,0,115056,0,0,0,0,0,0,3276176272,0,0,0,0,0,2182
3139599281,7001866,0,0,932827,47004,0,0,0,7462616,0,0,930407,0,2420,0,37,0,116909,0,0,0,0,0,0,3286905448,0,0,0,0,0,2424
3149599633,7000015,0,0,922563,74766,0,0,0,7380504,0,0,918653,0,3910,0,2109,0,115814,0,0,0,0,0,0,3297515648,0,0,0,0,0,3913
3159602852,7001323,0,0,910548,54986,0,0,0,7284384,0,0,907677,0,2871,0,4140,0,114181,0,0,0,0,0,0,3308033824,0,0,0,0,0,2874
3169605975,7001541,0,0,933632,0,0,0,0,7469056,0,0,933632,0,0,0,4096,0,116706,0,0,0,0,0,0,3318763296,0,0,0,0,0,3
3179606900,7000065,0,0,919739,85796,0,0,0,7357912,0,0,915264,0,4475,0,2117,0,115530,0,0,0,0,0,0,3329426680,0,0,0,0,0,4478
3189607983,7000243,0,0,917504,0,0,0,0,7340032,0,0,917504,0,0,0,2048,0,114691,0,0,0,0,0,0,3340092664,0,0,0,0,0,4
3199610288,7002041,0,0,930048,0,0,0,0,7440384,0,0,930048,0,0,0,4096,0,116256,0,0,0,0,0,0,3350660008,0,0,0,0,0,4
3209610983,7000135,0,0,922560,79368,0,0,0,7380480,0,0,918464,0,4096,0,64,0,115834,0,0,0,0,0,0,3361054568,0,0,0,0,0,4099
3219613139,7002076,0,0,925364,94530,0,0,0,7402912,0,0,920445,0,4919,0,2124,0,116292,0,0,0,0,0,0,3371822344,0,0,0,0,0,4922
3229614481,7001276,0,0,923333,74316,0,0,0,7386664,0,0,919506,0,3827,0,4155,0,115897,0,0,0,0,0,0,3382395696,0,0,0,0,0,3831
3239616540,7001068,0,0,930304,0,0,0,0,7442432,0,0,930304,0,0,0,4096,0,116292,0,0,0,0,0,0,3393094448,0,0,0,0,0,4
3249620631,7001958,0,0,927232,0,0,0,0,7417856,0,0,927232,0,0,0,2048,0,115910,0,0,0,0,0,0,3403780912,0,0,0,0,0,2
3259623117,7001476,0,0,881018,169738,0,0,0,7048144,0,0,872412,0,8606,0,134,0,111208,0,0,0,0,0,0,3414116096,0,0,0,0,0,8608
3269624576,7001152,0,0,891349,55326,0,0,0,7130792,0,0,888575,0,2774,0,2091,0,111769,0,0,0,0,0,0,3424468392,0,0,0,0,0,2777
3279626640,7000223,0,0,908319,288678,0,0,0,7266552,0,0,893796,0,14523,0,2273,0,115362,0,0,0,0,0,0,3434989216,0,0,0,0,0,14527
3289629218,7001171,0,0,919895,203442,0,0,0,7359160,0,0,909568,0,10327,0,937,0,116282,0,0,0,0,0,0,3445580120,0,0,0,0,0,10331
3299631818,7001801,0,0,933369,9544,0,0,0,7466952,0,0,932901,0,468,0,7,0,116732,0,0,0,0,0,0,3456354592,0,0,0,0,0,471
3309634728,7001056,0,0,890327,381034,0,0,0,7122616,0,0,871215,0,19112,0,2345,0,113691,0,0,0,0,0,0,3466741720,0,0,0,0,0,19115
3319634849,7000006,0,0,918130,164490,0,0,0,7345040,0,0,909787,0,8343,0,398,0,115812,0,0,0,0,0,0,3477388136,0,0,0,0,0,8345
3329636347,7000261,0,0,894893,628428,0,0,0,7159144,0,0,863065,0,31828,0,595,0,115845,0,0,0,0,0,0,3487760592,0,0,0,0,0,31832
3339636658,7000006,0,0,906732,25340,0,0,0,7253856,0,0,905452,0,1280,0,20,0,113506,0,0,0,0,0,0,3498120768,0,0,0,0,0,1284
3349638560,7001139,0,0,909602,278982,0,0,0,7276816,0,0,895335,0,14267,0,2270,0,115486,0,0,0,0,0,0,3508641616,0,0,0,0,0,14271
3359641675,7001974,0,0,917810,261704,0,0,0,7342480,0,0,904354,0,13456,0,2510,0,116410,0,0,0,0,0,0,3519269088,0,0,0,0,0,13460
3369643870,7002058,0,0,898105,250818,0,0,0,7184840,0,0,885214,0,12891,0,2247,0,113878,0,0,0,0,0,0,3529732776,0,0,0,0,0,12894
3379645017,7000584,0,0,925366,93860,0,0,0,7402928,0,0,920556,0,4810,0,4170,0,116274,0,0,0,0,0,0,3540428888,0,0,0,0,0,4814
3389649530,7002635,0,0,910442,289512,0,0,0,7283536,0,0,895620,0,14822,0,4246,0,115663,0,0,0,0,0,0,3550968744,0,0,0,0,0,14824
3399653575,7002313,0,0,910465,158966,0,0,0,7283720,0,0,902306,0,8159,0,127,0,114834,0,0,0,0,0,0,3561522960,0,0,0,0,0,8161
3409655941,7000067,0,0,929792,0,0,0,0,7438336,0,0,929792,0,0,0,2048,0,116229,0,0,0,0,0,0,3572108080,0,0,0,0,0,3
3419657244,7000848,0,0,911029,253760,0,0,0,7288232,0,0,898001,0,13028,0,1355,0,115511,0,0,0,0,0,0,3582644440,0,0,0,0,0,13030
3429658883,7000565,0,0,922112,0,0,0,0,7376896,0,0,922112,0,0,0,2048,0,115269,0,0,0,0,0,0,3592993512,0,0,0,0,0,3
3439660771,7001166,0,0,919808,0,0,0,0,7358464,0,0,919808,0,0,0,8192,0,114978,0,0,0,0,0,0,3603612296,0,0,0,0,0,2
3449662271,7001122,0,0,904389,399324,0,0,0,7235112,0,0,884107,0,20282,0,6459,0,115590,0,0,0,0,0,0,3614003616,0,0,0,0,0,20283
3459662904,7000256,48640,0,783924,377284,0,0,389120,6271392,48640,0,764714,0,19210,0,57548,0,100395,0,0,0,0,0,0,3623942976,0,0,0,0,0,19589
3472324408,7000283,0,0,911026,98388,0,0,0,7288208,0,0,906003,0,5023,0,2126,0,114508,0,0,0,0,0,0,3636008504,0,0,0,0,0,5026
3482324686,7000103,0,0,913920,0,0,0,0,7311360,0,0,913920,0,0,0,2048,0,114243,0,0,0,0,0,0,3646124488,0,0,0,0,0,3
3492337359,7000413,0,0,899792,58802,0,0,0,7198336,0,0,896764,0,3028,0,2096,0,112856,0,0,0,0,0,0,3656088384,0,0,0,0,0,3031
3502338918,7000715,0,0,886177,131404,0,0,0,7089416,0,0,880092,0,6085,0,4191,0,111538,0,0,0,0,0,0,3666298952,0,0,0,0,0,6088
3512342068,7002222,0,0,906999,12632,0,0,0,7255992,0,0,906359,0,640,0,2057,0,113460,0,0,0,0,0,0,3676745728,0,0,0,0,0,646
3522343439,7000917,0,0,894636,110260,0,0,0,7157088,0,0,889238,0,5398,0,2132,0,112511,0,0,0,0,0,0,3687075168,0,0,0,0,0,5402
3532346912,7001011,0,0,916480,0,0,0,0,7331840,0,0,916480,0,0,0,2048,0,114562,0,0,0,0,0,0,3697634656,0,0,0,0,0,3
3542350935,7002033,0,0,922977,195756,0,0,0,7383816,0,0,912762,0,10215,0,2207,0,116652,0,0,0,0,0,0,3708118536,0,0,0,0,0,10219
3552353917,7001097,0,0,926208,0,0,0,0,7409664,0,0,926208,0,0,0,4096,0,115780,0,0,0,0,0,0,3718829576,0,0,0,0,0,3
3562355340,7000732,0,0,919006,42484,0,0,0,7352048,0,0,916826,0,2180,0,4130,0,115152,0,0,0,0,0,0,3729466616,0,0,0,0,0,2182
3572356621,7000774,0,0,895707,60132,0,0,0,7165656,0,0,893287,0,2420,0,37,0,112267,0,0,0,0,0,0,3739886544,0,0,0,0,0,2424
3582358465,7000682,0,0,907715,76052,0,0,0,7261720,0,0,903805,0,3910,0,2109,0,113962,0,0,0,0,0,0,3750414824,0,0,0,0,0,3913
3592360343,7001293,0,0,915412,55410,0,0,0,7323296,0,0,912541,0,2871,0,4140,0,114789,0,0,0,0,0,0,3760986248,0,0,0,0,0,2874
3602361624,7001256,0,0,922112,0,0,0,0,7376896,0,0,922112,0,0,0,4096,0,115265,0,0,0,0,0,0,3771697288,0,0,0,0,0,3
3612364183,7002213,0,0,922880,0,0,0,0,7383040,0,0,922880,0,0,0,2048,0,115362,0,0,0,0,0,0,3782330504,0,0,0,0,0,3
3622366483,7001888,0,0,933888,0,0,0,0,7471104,0,0,933888,0,0,0,4096,0,116738,0,0,0,0,0,0,3792989792,0,0,0,0,0,4
3632367325,7000376,0,0,925184,0,0,0,0,7401472,0,0,925184,0,0,0,4096,0,115651,0,0,0,0,0,0,3803559184,0,0,0,0,0,4
3642368117,7000709,0,0,903576,129354,0,0,0,7228608,0,0,896928,0,6648,0,104,0,113782,0,0,0,0,0,0,3813861584,0,0,0,0,0,6651
3652370130,7001418,0,0,932788,96758,0,0,0,7462304,0,0,927869,0,4919,0,2124,0,117214,0,0,0,0,0,0,3824588400,0,0,0,0,0,4923
3662370909,7000063,0,0,929477,74300,0,0,0,7435816,0,0,925650,0,3827,0,4155,0,116666,0,0,0,0,0,0,3835255960,0,0,0,0,0,3831
3672372620,7000975,0,0,926464,0,0,0,0,7411712,0,0,926464,0,0,0,4096,0,115812,0,0,0,0,0,0,3846022296,0,0,0,0,0,4
3682375877,7002149,0,0,935680,0,0,0,0,7485440,0,0,935680,0,0,0,2048,0,116963,0,0,0,0,0,0,3856848024,0,0,0,0,0,2
3692378399,7001971,0,0,927098,169632,0,0,0,7416784,0,0,918492,0,8606,0,134,0,116967,0,0,0,0,0,0,3867564136,0,0,0,0,0,8609
3702381398,7001170,0,0,923093,54900,0,0,0,7384744,0,0,920319,0,2774,0,2091,0,115739,0,0,0,0,0,0,3878244112,0,0,0,0,0,2776
3712387527,7000964,0,0,924543,162304,0,0,0,7396344,0,0,916270,0,8273,0,2177,0,116606,0,0,0,0,0,0,3888726024,0,0,0,0,0,8277
3722388341,7000315,0,0,905815,203910,0,0,0,7246520,0,0,895488,0,10327,0,937,0,114524,0,0,0,0,0,0,3899255488,0,0,0,0,0,10331
3732389325,7000016,0,0,930041,9088,0,0,0,7440328,0,0,929573,0,468,0,7,0,116319,0,0,0,0,0,0,3909952136,0,0,0,0,0,471
3742389715,7000063,0,0,905687,371212,0,0,0,7245496,0,0,886575,0,19112,0,2345,0,115605,0,0,0,0,0,0,3920441664,0,0,0,0,0,19115
3752391177,7000221,0,0,913522,162096,0,0,0,7308176,0,0,905179,0,8343,0,2446,0,115237,0,0,0,0,0,0,3931090128,0,0,0,0,0,8345
3762393737,7001467,0,0,877741,652772,0,0,0,7021928,0,0,845913,0,31828,0,595,0,113704,0,0,0,0,0,0,3941460536,0,0,0,0,0,31831
3772396296,7001357,0,0,932844,24716,0,0,0,7462752,0,0,931564,0,1280,0,20,0,116769,0,0,0,0,0,0,3952027560,0,0,0,0,0,1284
3782399516,7001355,0,0,871202,278550,0,0,0,6969616,0,0,856935,0,14267,0,2270,0,110708,0,0,0,0,0,0,3962300600,0,0,0,0,0,14271
3792402602,7001016,0,0,894770,276914,0,0,0,7158160,0,0,881314,0,13456,0,2510,0,113539,0,0,0,0,0,0,3972760136,0,0,0,0,0,13460
3802404671,7001302,0,0,883001,250386,0,0,0,7064008,0,0,870110,0,12891,0,4295,0,111995,0,0,0,0,0,0,3983162384,0,0,0,0,0,12894
3812407200,7001190,0,0,919990,92618,0,0,0,7359920,0,0,915180,0,4810,0,4170,0,115605,0,0,0,0,0,0,3993829824,0,0,0,0,0,4814
3822407595,7000296,0,0,881750,312028,0,0,0,7054000,0,0,865672,0,16078,0,4266,0,112239,0,0,0,0,0,0,4004201584,0,0,0,0,0,16081
3832409018,7001300,0,0,925569,159004,0,0,0,7404552,0,0,917410,0,8159,0,127,0,116719,0,0,0,0,0,0,4014809208,0,0,0,0,0,8161
3842411913,7001165,0,0,928512,0,0,0,0,7428096,0,0,928512,0,0,0,2048,0,116070,0,0,0,0,0,0,4025349272,0,0,0,0,0,3
3852413489,7000736,0,0,901782,295330,0,0,0,7214256,0,0,886737,0,15045,0,1386,0,114611,0,0,0,0,0,0,4035852616,0,0,0,0,0,15047
3862416037,7001288,0,0,935936,0,0,0,0,7487488,0,0,935936,0,0,0,2048,0,116996,0,0,0,0,0,0,4046457936,0,0,0,0,0,3
3872416638,7000591,0,0,915200,0,0,0,0,7321600,0,0,915200,0,0,0,8192,0,114402,0,0,0,0,0,0,4057127920,0,0,0,0,0,2
3882425058,7001103,0,0,889587,378214,0,0,0,7116696,0,0,872278,0,17309,0,6413,0,113366,0,0,0,0,0,0,4067257096,0,0,0,0,0,17310
3892427531,7001525,50416,0,785844,373986,0,0,403328,6286752,50416,0,766634,0,19210,0,60252,0,100637,0,0,0,0,0,0,4077166632,0,0,0,0,0,19607
3904948929,7001409,0,0,904117,93514,0,0,0,7232936,0,0,899347,0,4770,0,2123,0,113614,0,0,0,0,0,0,4089147296,0,0,0,0,0,4773
3914951070,7001199,0,0,896256,0,0,0,0,7170048,0,0,896256,0,0,0,2048,0,112037,0,0,0,0,0,0,4099119920,0,0,0,0,0,3
3924953662,7001467,0,0,898756,215198,0,0,0,7190048,0,0,887548,0,11208,0,2620,0,113750,0,0,0,0,0,0,4109206696,0,0,0,0,0,11211
3934955739,7000111,0,0,899745,116656,0,0,0,7197960,0,0,893660,0,6085,0,4191,0,113232,0,0,0,0,0,0,4119574960,0,0,0,0,0,6088
3944956965,7000338,0,0,916471,13160,0,0,0,7331768,0,0,915831,0,640,0,2057,0,114643,0,0,0,0,0,0,4130122088,0,0,0,0,0,646
3954958679,7001062,0,0,908204,105060,0,0,0,7265632,0,0,902806,0,5398,0,2132,0,114205,0,0,0,0,0,0,4140660424,0,0,0,0,0,5402
3964960278,7000235,0,0,915968,0,0,0,0,7327744,0,0,915968,0,0,0,2048,0,114503,0,0,0,0,0,0,4151094984,0,0,0,0,0,3
3974962250,7000895,0,0,906081,220976,0,0,0,7248648,0,0,895866,0,10215,0,2207,0,114549,0,0,0,0,0,0,4161433456,0,0,0,0,0,10219
3984964642,7001441,0,0,932864,0,0,0,0,7462912,0,0,932864,0,0,0,4096,0,116611,0,0,0,0,0,0,4172087152,0,0,0,0,0,3
3994965422,7000030,0,0,924382,41754,0,0,0,7395056,0,0,922202,0,2180,0,4130,0,115823,0,0,0,0,0,0,4182742624,0,0,0,0,0,2182
4004966971,7000327,0,0,918491,47622,0,0,0,7347928,0,0,916071,0,2420,0,37,0,115119,0,0,0,0,0,0,4193340728,0,0,0,0,0,2424
4014968353,7000677,0,0,919235,77536,0,0,0,7353880,0,0,915325,0,3910,0,2109,0,115399,0,0,0,0,0,0,4204075856,0,0,0,0,0,3913
4024970914,7001891,0,0,930772,56562,0,0,0,7446176,0,0,927901,0,2871,0,4140,0,116708,0,0,0,0,0,0,4214747632,0,0,0,0,0,2874
4034972305,7000803,0,0,919296,0,0,0,0,7354368,0,0,919296,0,0,0,4096,0,114917,0,0,0,0,0,0,4225407472,0,0,0,0,0,2
4044973900,7001263,0,0,924859,86650,0,0,0,7398872,0,0,920384,0,4475,0,2117,0,116168,0,0,0,0,0,0,4236079048,0,0,0,0,0,4478
4054976008,7001197,0,0,933376,0,0,0,0,7467008,0,0,933376,0,0,0,2048,0,116679,0,0,0,0,0,0,4246820808,0,0,0,0,0,4
4064977309,7000654,0,0,911104,0,0,0,0,7288832,0,0,911104,0,0,0,4096,0,113893,0,0,0,0,0,0,4257228408,0,0,0,0,0,4
4074978534,7000828,0,0,921024,79840,0,0,0,7368192,0,0,916928,0,4096,0,64,0,115645,0,0,0,0,0,0,4267608632,0,0,0,0,0,4099
4084981059,7000148,0,0,926132,95830,0,0,0,7409056,0,0,921213,0,4919,0,2124,0,116384,0,0,0,0,0,0,4278304728,0,0,0,0,0,4922
4094983654,7000882,0,0,912581,75484,0,0,0,7300648,0,0,908754,0,3827,0,4155,0,114557,0,0,0,0,0,0,4288902656,0,0,0,0,0,3831
4104985534,7000490,0,0,932352,0,0,0,0,7458816,0,0,932352,0,0,0,4096,0,116548,0,0,0,0,0,0,4299697664,0,0,0,0,0,4
4114986573,7000645,0,0,927232,0,0,0,0,7417856,0,0,927232,0,0,0,4096,0,115909,0,0,0,0,0,0,4310425088,0,0,0,0,0,2
4124987447,7000267,0,0,901498,175086,0,0,0,7211984,0,0,892892,0,8606,0,2182,0,113771,0,0,0,0,0,0,4320903632,0,0,0,0,0,8608
4134990071,7002181,0,0,932821,54030,0,0,0,7462568,0,0,930047,0,2774,0,2091,0,116953,0,0,0,0,0,0,4331618424,0,0,0,0,0,2776
4144992620,7001754,0,0,914869,93726,0,0,0,7318952,0,0,910055,0,4814,0,2123,0,114967,0,0,0,0,0,0,4341967216,0,0,0,0,0,4818
4154994721,7001389,0,0,904535,201636,0,0,0,7236280,0,0,894208,0,10327,0,2985,0,114367,0,0,0,0,0,0,4352554024,0,0,0,0,0,10331
4164995050,7000138,0,0,926457,9430,0,0,0,7411656,0,0,925989,0,468,0,7,0,115869,0,0,0,0,0,0,4363334640,0,0,0,0,0,471
4174996979,7000621,0,0,904919,372378,0,0,0,7239352,0,0,885807,0,19112,0,2345,0,115511,0,0,0,0,0,0,4373807784,0,0,0,0,0,19115
4184997760,7000203,0,0,896882,172368,0,0,0,7175056,0,0,888539,0,8343,0,2446,0,113158,0,0,0,0,0,0,4384233016,0,0,0,0,0,8345
4195000050,7001510,0,0,885165,706650,0,0,0,7081320,0,0,853337,0,31828,0,595,0,114629,0,0,0,0,0,0,4394576800,0,0,0,0,0,31831
4205001927,7000651,0,0,932076,24684,0,0,0,7456608,0,0,930796,0,1280,0,20,0,116672,0,0,0,0,0,0,4405149968,0,0,0,0,0,1284
4215004025,7001528,0,0,899874,281402,0,0,0,7198992,0,0,885607,0,14267,0,2270,0,114273,0,0,0,0,0,0,4415654432,0,0,0,0,0,14271
4225004414,7000384,0,0,913458,265422,0,0,0,7307664,0,0,900002,0,13456,0,2510,0,115869,0,0,0,0,0,0,4426236848,0,0,0,0,0,13460
4235007642,7001328,0,0,899897,253840,0,0,0,7199176,0,0,887006,0,12891,0,4295,0,114105,0,0,0,0,0,0,4436780408,0,0,0,0,0,12894
4245010631,7000629,0,0,914358,92568,0,0,0,7314864,0,0,909548,0,4810,0,4170,0,114901,0,0,0,0,0,0,4447398696,0,0,0,0,0,4814
4255012049,7000929,0,0,908374,308332,0,0,0,7266992,0,0,892296,0,16078,0,4266,0,115561,0,0,0,0,0,0,4457930200,0,0,0,0,0,16081
4265013000,7000331,0,0,923521,157170,0,0,0,7388168,0,0,915362,0,8159,0,127,0,116469,0,0,0,0,0,0,4468521440,0,0,0,0,0,8161
4275014687,7000923,0,0,918784,0,0,0,0,7350272,0,0,918784,0,0,0,2048,0,114854,0,0,0,0,0,0,4479012352,0,0,0,0,0,3
4285016378,7001620,0,0,914568,310182,0,0,0,7316544,0,0,898658,0,15910,0,3448,0,116316,0,0,0,0,0,0,4489564736,0,0,0,0,0,15913
4295018533,7000102,0,0,932864,0,0,0,0,7462912,0,0,932864,0,0,0,2048,0,116612,0,0,0,0,0,0,4500102584,0,0,0,0,0,2
4305019423,7000387,0,0,915200,0,0,0,0,7321600,0,0,915200,0,0,0,8192,0,114405,0,0,0,0,0,0,4510682456,0,0,0,0,0,2
4315027823,7001353,0,0,916651,104806,0,0,0,7333208,0,0,911190,0,5461,0,6229,0,115269,0,0,0,0,0,0,4520760432,0,0,0,0,0,5462
4325029207,7001049,63232,0,753332,368346,0,0,505856,6026656,63232,0,734122,0,19210,0,72268,0,96572,0,0,0,0,0,0,4530567696,0,0,0,0,0,19711
4337186967,7002726,0,0,908477,82020,0,0,0,7267816,0,0,904211,0,4266,0,2115,0,114097,0,0,0,0,0,0,4542378248,0,0,0,0,0,4269
4347187887,7000526,0,0,908288,0,0,0,0,7266304,0,0,908288,0,0,0,2048,0,113539,0,0,0,0,0,0,4552551576,0,0,0,0,0,3
4357192534,7001778,0,0,897252,33880,0,0,0,7178016,0,0,895484,0,1768,0,2076,0,112381,0,0,0,0,0,0,4562462224,0,0,0,0,0,1771
4367194941,7001763,0,0,893345,117986,0,0,0,7146760,0,0,887260,0,6085,0,4191,0,112433,0,0,0,0,0,0,4572721944,0,0,0,0,0,6088
4377197965,7000972,0,0,909815,12686,0,0,0,7278520,0,0,909175,0,640,0,2057,0,113810,0,0,0,0,0,0,4583162576,0,0,0,0,0,646
4387199299,7000781,0,0,905644,104708,0,0,0,7245152,0,0,900246,0,5398,0,2132,0,113886,0,0,0,0,0,0,4593573936,0,0,0,0,0,5402
4397200831,7000389,0,0,914688,0,0,0,0,7317504,0,0,914688,0,0,0,2048,0,114340,0,0,0,0,0,0,4603994160,0,0,0,0,0,3
4407203635,7001647,0,0,916577,198880,0,0,0,7332616,0,0,906362,0,10215,0,2207,0,115856,0,0,0,0,0,0,4614451416,0,0,0,0,0,10219
4417206497,7001604,0,0,930048,0,0,0,0,7440384,0,0,930048,0,0,0,4096,0,116259,0,0,0,0,0,0,4625150168,0,0,0,0,0,3
4427206728,7000135,0,0,922846,42572,0,0,0,7382768,0,0,920666,0,2180,0,4130,0,115632,0,0,0,0,0,0,4635729864,0,0,0,0,0,2182
4437208515,7001148,0,0,922587,47126,0,0,0,7380696,0,0,920167,0,2420,0,37,0,115631,0,0,0,0,0,0,4646297248,0,0,0,0,0,2424
4447210194,7000876,0,0,918467,76018,0,0,0,7347736,0,0,914557,0,3910,0,2109,0,115303,0,0,0,0,0,0,4656909496,0,0,0,0,0,3913
4457211724,7001213,0,0,925396,55942,0,0,0,7403168,0,0,922525,0,2871,0,4140,0,116035,0,0,0,0,0,0,4667538264,0,0,0,0,0,2874
4467213910,7001487,0,0,927488,0,0,0,0,7419904,0,0,927488,0,0,0,4096,0,115938,0,0,0,0,0,0,4678271832,0,0,0,0,0,3
4477216824,7002333,0,0,923579,87096,0,0,0,7388632,0,0,919104,0,4475,0,2117,0,116009,0,0,0,0,0,0,4688959792,0,0,0,0,0,4478
4487219295,7000591,0,0,919296,0,0,0,0,7354368,0,0,919296,0,0,0,2048,0,114917,0,0,0,0,0,0,4699629872,0,0,0,0,0,4
4497219864,7000377,0,0,918272,0,0,0,0,7346176,0,0,918272,0,0,0,4096,0,114787,0,0,0,0,0,0,4710193120,0,0,0,0,0,4
4507224164,7001692,0,0,902848,95738,0,0,0,7222784,0,0,898752,0,4096,0,64,0,113374,0,0,0,0,0,0,4720429984,0,0,0,0,0,4099
4517225247,7001077,0,0,902580,101638,0,0,0,7220640,0,0,897661,0,4919,0,2124,0,113444,0,0,0,0,0,0,4730943808,0,0,0,0,0,4922
4527227122,7001301,0,0,880384,0,0,0,0,7043072,0,0,880384,0,0,0,2048,0,110060,0,0,0,0,0,0,4741214528,0,0,0,0,0,4
4537230642,7001207,0,0,899328,0,0,0,0,7194624,0,0,899328,0,0,0,2048,0,112423,0,0,0,0,0,0,4751509352,0,0,0,0,0,5
4547231929,7000315,0,0,911616,0,0,0,0,7292928,0,0,911616,0,0,0,2048,0,113963,0,0,0,0,0,0,4762103656,0,0,0,0,0,3
4557233314,7000637,0,0,923002,167392,0,0,0,7384016,0,0,914396,0,8606,0,134,0,116454,0,0,0,0,0,0,4772758328,0,0,0,0,0,8609
4567235343,7000478,0,0,933589,54252,0,0,0,7468712,0,0,930815,0,2774,0,2091,0,117049,0,0,0,0,0,0,4783581664,0,0,0,0,0,2777
4577236784,7000700,0,0,914207,282562,0,0,0,7313656,0,0,899684,0,14523,0,2273,0,116095,0,0,0,0,0,0,4794235608,0,0,0,0,0,14527
4587238009,7000172,0,0,920407,202924,0,0,0,7363256,0,0,910080,0,10327,0,937,0,116346,0,0,0,0,0,0,4804980112,0,0,0,0,0,10331
4597239129,7000725,0,0,931065,9420,0,0,0,7448520,0,0,930597,0,468,0,7,0,116445,0,0,0,0,0,0,4815775064,0,0,0,0,0,471
4607239803,7000252,0,0,904407,375088,0,0,0,7235256,0,0,885295,0,19112,0,2345,0,115445,0,0,0,0,0,0,4826274832,0,0,0,0,0,19115
4617242238,7001633,0,0,921970,164156,0,0,0,7375760,0,0,913627,0,8343,0,398,0,116293,0,0,0,0,0,0,4837029792,0,0,0,0,0,8345
4627246169,7001456,0,0,889005,626518,0,0,0,7112040,0,0,857177,0,31828,0,595,0,115111,0,0,0,0,0,0,4847416584,0,0,0,0,0,31832
4637247870,7001218,0,0,927468,25750,0,0,0,7419744,0,0,926188,0,1280,0,20,0,116097,0,0,0,0,0,0,4857948792,0,0,0,0,0,1284
4647250604,7001980,0,0,903202,278896,0,0,0,7225616,0,0,888935,0,14267,0,2270,0,114690,0,0,0,0,0,0,4868443016,0,0,0,0,0,14271
4657251279,7000533,0,0,918322,258220,0,0,0,7346576,0,0,904866,0,13456,0,2510,0,116476,0,0,0,0,0,0,4879086872,0,0,0,0,0,13460
4667251976,7000063,0,0,884281,256392,0,0,0,7074248,0,0,871390,0,12891,0,4295,0,112150,0,0,0,0,0,0,4889482976,0,0,0,0,0,12894
4677253911,7001410,0,0,919222,93450,0,0,0,7353776,0,0,914412,0,4810,0,4170,0,115507,0,0,0,0,0,0,4900189328,0,0,0,0,0,4814
4687255281,7000361,0,0,897366,312828,0,0,0,7178928,0,0,881288,0,16078,0,4266,0,114185,0,0,0,0,0,0,4910692160,0,0,0,0,0,16081
4697257349,7000679,0,0,914049,159020,0,0,0,7312392,0,0,905890,0,8159,0,127,0,115282,0,0,0,0,0,0,4921295688,0,0,0,0,0,8161
4707260144,7001827,0,0,932864,0,0,0,0,7462912,0,0,932864,0,0,0,2048,0,116613,0,0,0,0,0,0,4931911528,0,0,0,0,0,3
4717261458,7000205,0,0,905096,309270,0,0,0,7240768,0,0,889186,0,15910,0,3448,0,115130,0,0,0,0,0,0,4942447528,0,0,0,0,0,15913
4727265137,7002125,0,0,931072,0,0,0,0,7448576,0,0,931072,0,0,0,2048,0,116389,0,0,0,0,0,0,4952956704,0,0,0,0,0,2
4737266089,7000926,0,0,915968,0,0,0,0,7327744,0,0,915968,0,0,0,8192,0,114501,0,0,0,0,0,0,4963540672,0,0,0,0,0,2
4747270490,7001294,0,0,909055,336132,0,0,0,7272440,0,0,892502,0,16553,0,6401,0,115705,0,0,0,0,0,0,4973802968,0,0,0,0,0,16554
4757273575,7002105,52736,0,770228,422362,0,0,421888,6161824,52736,0,751018,0,19210,0,62028,0,98684,0,0,0,0,0,0,4983583608,0,0,0,0,0,19621
