timestamp,sample_duration,num_reads,read_cycles,num_writes,write_cycles,num_flushes,flush_cycles,read_cycles_samples,write_cycles_samples,flush_cycles_samples,bytes_read,bytes_written,retired_rw,retired_movnti,retired_movntq,retired_movntqd,retired_movntps,retired_mfence,retired_sfence,retired_lfence,wpq_inserts,rpq_inserts,wpq_occupancy,rpq_occupancy,dram_rpq_inserts,dram_rpq_occupancy,unc_ticks,total_read_write,retired_all_stores,l3_misses_local_pmm,l3_misses_remote_pmm,any_scoop_pmm,any_scoop_l3_miss_dram,total_addr_distance
5005664,2503762,0,0,112643,31949,12,0,0,440,0,0,901076,4,0,110503,0,2136,0,247,0,14354,6,1558467,0,0,0,2998369,2549716,0,0,0,6,320033,2135
10010518,2503126,0,0,112777,28751,68,0,0,440,0,0,901621,53,0,103885,0,8839,0,85,0,15244,59,1667653,0,0,0,2996221,5046701,0,0,0,65,633155,8829
15013685,2502221,0,0,138197,28108,64,0,0,540,0,0,1105034,50,0,128953,0,9194,0,267,0,18463,56,2069017,0,0,0,2995235,7725287,0,0,0,121,969583,9190
20017286,2502173,0,0,171721,26885,24,0,0,671,0,0,1373522,22,0,167817,0,3882,0,43,0,21969,22,2457702,0,0,0,2995962,11182706,0,0,0,277,1403464,3877
25021012,2502824,0,0,199224,27295,6,0,0,778,0,0,1593730,6,0,197629,0,1589,0,197,0,25109,4,2812342,0,0,0,2996605,14935475,0,0,0,340,1874029,1588
30023634,2501865,0,0,237757,25829,12,0,0,929,0,0,1901924,16,0,235451,0,2290,0,317,0,30013,12,3356159,0,0,0,2994994,19431793,0,0,0,422,2438728,2289
35026112,2502054,0,0,246929,26385,54,0,0,965,0,0,1974984,40,0,237768,0,9121,0,84,0,32034,40,3629722,0,0,0,2995565,23956264,0,0,0,581,3006295,9111
40027118,2500883,0,0,268690,20625,98,0,0,1049,0,0,2148636,80,0,202264,0,66346,0,317,0,41941,90,4787157,0,0,0,2993992,28654703,0,0,0,733,3595649,66339
45027881,2500693,0,0,278784,20914,0,0,0,1089,0,0,2230272,0,0,0,0,278784,0,0,0,69699,0,8654261,0,0,0,2994437,33172591,0,0,0,733,4161628,278783
50039102,2505052,52927,10626,24564,1894,2656,106,224,79,5,390666,170527,56408,0,1776,0,19307,0,29,0,6430,20185,974695,0,0,0,2996700,35356372,0,1913,0,28356,4447011,22503
55043634,2503643,46857,9787,30533,4150,6976,890,175,128,13,338560,220182,50033,0,1577,0,25780,0,18,0,8032,19986,1201182,0,0,0,2997437,36458104,0,4443,0,64823,4605931,31702
60044558,2500729,50808,5608,189362,20233,2146,92,195,745,3,371395,1513311,51496,0,188237,0,437,0,1957,0,23887,22597,2727568,0,0,0,2994037,40843357,0,6376,0,90851,5164211,15285
65046113,2500790,21389,1611,273346,19498,194,0,85,1066,0,167808,2185774,21620,0,273115,0,0,0,80,0,34247,3787,3834636,0,0,0,2994428,45922763,0,6807,0,103862,5804053,442
70048845,2501378,2621,201,292536,21069,10,0,11,1142,0,20639,2340214,2631,0,292526,0,0,0,6,0,36574,457,4102424,0,0,0,2994470,50942752,0,6901,0,110493,6434046,7
75051411,2500980,50481,4038,223478,16467,206,0,201,870,0,397954,1785661,50770,0,222775,0,414,0,114,0,28115,8611,3188796,0,0,0,2994427,55954362,0,7027,0,119430,7063137,536
80052538,2500138,2449,197,299347,21280,28,0,11,1168,0,19214,2394505,2486,0,299310,0,0,0,14,0,37434,444,4126702,0,0,0,2993196,61170936,0,7042,0,120348,7716834,14
85054174,2501127,2025,147,296703,21255,24,0,8,1159,0,15857,2373345,2062,0,296505,0,161,0,12,0,37125,429,4164732,0,0,0,2994904,66158619,0,7206,0,131855,8343818,171
90056981,2502308,1438,108,298587,23354,4,0,6,1166,0,11364,2388612,1450,0,298575,0,0,0,5,0,37327,219,4151746,0,0,0,2993871,71400660,0,7218,0,132712,9000568,3
95058771,2501040,3660,2860,293259,23848,42,0,15,1145,0,28636,2345639,3719,0,293073,0,127,0,20,0,36698,723,4098343,0,0,0,2994429,76227603,0,7428,0,147731,9608367,146
100061272,2502162,539,36,299234,21941,2,0,2,1169,0,4214,2393851,542,0,299231,0,0,0,2,0,37409,118,4154277,0,0,0,2995776,81394961,0,7440,0,148748,10255888,3
105063420,2500455,79652,6368,182751,15438,460,0,313,713,0,625414,1457065,80325,0,181742,0,336,0,279,0,23143,14397,2745252,0,0,0,2993831,86206379,0,7750,0,169163,10862397,587
110066472,2501949,8725,586,288426,24615,66,0,32,1128,0,68505,2306700,8821,0,288132,0,198,0,32,0,36118,1598,4030613,0,0,0,2994987,91395167,0,7784,0,171311,11512745,231
115069529,2500685,4059,609,284672,21163,54,417,14,1113,1,31674,2277171,4086,0,284604,0,41,0,10,0,35606,755,3990038,0,0,0,2993248,96064396,0,8067,0,191565,12101338,86
120071226,2500315,3410,255,297872,21332,28,0,14,1163,0,26650,2382698,3448,0,297834,0,0,0,16,0,37254,709,4208807,0,0,0,2993581,101320581,0,8101,0,193649,12760194,14
125072522,2501218,166315,14742,69303,7333,818,23,638,283,1,1307742,545725,167492,0,68074,0,52,0,517,0,9139,30015,1327710,0,0,0,2994986,105979865,0,8650,0,228503,13349627,506
132574942,2500100,0,0,290439,21766,70,0,0,1135,0,0,2322905,53,0,281233,0,9153,0,86,0,37492,60,4215534,0,0,0,2993169,113954925,0,8668,0,230032,14347825,9144
137576714,2501347,0,0,281631,20425,136,0,0,1100,0,0,2251833,113,0,257849,0,23669,0,413,0,38249,126,4392898,0,0,0,2994744,118899680,0,8668,0,230215,14966740,23646
142580303,2502678,0,0,292038,21716,80,0,0,1141,0,0,2335524,68,0,280675,0,11295,0,530,0,37964,98,4265820,0,0,0,2996084,124018973,0,8668,0,230371,15608706,11289
147583020,2501050,0,0,285775,20651,78,18,0,1116,1,0,2285509,65,0,275967,0,9743,0,394,0,36982,71,4163337,0,0,0,2993346,129092242,0,8668,0,230442,16245218,9739
152583276,2500140,0,0,289829,20658,54,0,0,1132,0,0,2318184,40,0,280141,0,9648,0,192,0,37462,41,4221048,0,0,0,2993066,134061688,0,8668,0,230557,16868147,9639
157584327,2500149,0,0,288754,20750,44,18,0,1127,1,0,2309621,37,0,36683,0,252034,0,248,0,67642,42,7770469,0,0,0,2993212,138990383,0,8668,0,230722,17486046,252030
162585870,2501245,14527,1576,248679,17953,398,54,52,974,3,112216,1985699,15025,0,821,0,247360,0,19,0,62194,4014,6978125,0,0,0,2991553,143449642,0,8873,0,234736,18043681,247778
167591579,2503491,39841,12229,35154,4632,6576,2041,165,120,21,295062,254977,43088,0,2023,0,29884,0,53,0,9256,15731,1422857,0,0,0,2996963,144578060,0,11476,0,270275,18203186,34115
172597676,2501531,18314,3776,209376,15183,804,17,69,821,1,131465,1667275,19538,0,201692,0,6460,0,4,0,27318,8237,3116521,0,0,0,2995356,146932987,0,13625,0,298985,18512334,8488
177601628,2502167,25783,1754,255152,18359,606,0,96,1002,0,193314,2040410,25939,0,254910,0,86,0,106,0,31963,6114,3619308,0,0,0,2995685,151528601,0,15740,0,326319,19091457,3289
182602630,2500432,1100,92,299953,21345,4,0,5,1171,0,8709,2399585,1105,0,299948,0,0,0,1,0,37498,186,4162008,0,0,0,2993685,156581908,0,15896,0,333227,19725402,4
187603925,2500863,1415,107,303476,21595,4,0,6,1185,0,11138,2427787,1418,0,303473,0,0,0,3,0,37940,262,4303410,0,0,0,2992346,161759469,0,15991,0,339977,20373625,5
192606571,2502144,1152,94,300404,29269,10,0,5,1173,0,8999,2403091,1171,0,300385,0,0,0,7,0,37562,241,4191397,0,0,0,2995727,166879412,0,16102,0,348564,21014652,5
197610298,2501870,61564,9547,210124,18881,418,0,249,813,0,483510,1676699,62147,0,209541,0,0,0,231,0,26511,11254,3107038,0,0,0,2995420,171946505,0,16300,0,360511,21651424,218
202611147,2500153,4252,593,297560,21688,12,0,17,1162,0,33673,2380360,4268,0,297544,0,0,0,6,0,37206,637,4145366,0,0,0,2992936,177169580,0,16313,0,361533,22305752,7
207613130,2501333,79680,9297,181080,13640,576,0,310,710,0,625554,1442090,80570,0,180190,0,0,0,328,0,22959,14445,2753490,0,0,0,2994653,182083664,0,16551,0,376190,22924221,286
212615742,2501063,3465,236,296261,25008,24,0,13,1158,0,27216,2369757,3510,0,296039,0,177,0,38,0,37070,619,4111509,0,0,0,2992251,187246080,0,16567,0,377544,23571036,188
217617482,2500534,3686,257,298370,21541,22,0,14,1166,0,28984,2386682,3724,0,298222,0,110,0,13,0,37322,673,4157589,0,0,0,2993454,192477187,0,16580,0,378587,24226421,122
222619440,2500676,3575,260,303617,22216,4,0,14,1186,0,28341,2428890,3581,0,303335,0,276,0,6,0,37990,564,4205170,0,0,0,2993729,197328122,0,16863,0,398672,24836390,282
227620559,2500944,108581,8871,137784,10367,634,0,425,538,0,853199,1095537,109494,0,136871,0,0,0,358,0,17556,19795,2173993,0,0,0,2994235,202133343,0,17209,0,420067,25441733,338
232623209,2502559,4215,274,295017,22901,30,0,15,1154,0,33195,2359801,4260,0,294972,0,0,0,17,0,36900,759,4117335,0,0,0,2996378,207351280,0,17236,0,421580,26095000,16
237625011,2500332,4895,345,295629,24670,14,0,19,1155,0,38453,2364895,4914,0,294669,0,941,0,13,0,37081,884,4121765,0,0,0,2992669,212505177,0,17275,0,423764,26740255,949
242626747,2500871,8291,835,287342,23162,42,0,33,1122,0,65530,2298293,8352,0,287281,0,0,0,26,0,35945,1497,4003638,0,0,0,2993903,217043016,0,17771,0,459199,27314302,24
248110380,2500084,0,0,286855,21709,70,0,0,1121,0,0,2294233,53,0,277649,0,9153,0,86,0,37045,71,4168996,0,0,0,2992620,222781229,0,17771,0,459278,28031275,9144
253112086,2500719,0,0,278559,20500,136,29,0,1087,1,0,2227257,113,0,254777,0,23669,0,413,0,37864,122,4350039,0,0,0,2994320,227707552,0,17771,0,459461,28646231,23646
258114917,2501999,0,0,290805,26052,34,0,0,1136,0,0,2326138,26,0,286122,0,4657,0,250,0,36953,29,4166092,0,0,0,2993972,232680243,0,17771,0,459544,29269315,4654
263117997,2502289,0,0,289103,21009,78,0,0,1130,0,0,2312133,65,0,279295,0,9743,0,394,0,37397,72,4187711,0,0,0,2994334,237654354,0,17771,0,459682,29893479,9739
268120214,2502146,0,0,291877,22775,54,0,0,1140,0,0,2334568,40,0,282189,0,9648,0,192,0,37719,37,4233223,0,0,0,2995940,242662712,0,17771,0,459789,30521058,9639
273123917,2501843,0,0,291058,21495,44,0,0,1137,0,0,2328053,37,0,52299,0,238722,0,248,0,66255,39,7267157,0,0,0,2995313,247673327,0,17771,0,459950,31148894,238718
278132892,2507410,8085,698,264194,19400,186,18,30,1033,1,62934,2111873,8308,0,510,0,263461,0,12,0,66072,1944,7251516,0,0,0,3000067,252172614,0,17871,0,461894,31708943,263630
283141441,2507626,40536,5132,36000,4364,6620,2385,167,126,19,301507,261821,43770,0,2347,0,30419,0,26,0,9446,15801,1415011,0,0,0,3001737,253321350,0,20468,0,497304,31869701,34685
288143591,2500436,24801,4395,178702,13025,1048,18,93,703,1,179090,1419321,26368,0,168527,0,8608,0,5,0,23830,10401,2765170,0,0,0,2993815,255456187,0,22750,0,527288,32151751,11086
293145105,2500305,25783,2773,260784,18811,606,45,98,1020,2,193314,2085466,25939,0,260542,0,86,0,106,0,32696,6308,3689504,0,0,0,2991683,260043609,0,24780,0,554280,32725083,3289
298147640,2500570,1100,93,298929,29287,4,0,5,1167,0,8709,2391393,1105,0,298924,0,0,0,1,0,37370,168,4152925,0,0,0,2993635,265187028,0,24904,0,561102,33370382,4
303150118,2501886,1834,128,293839,21007,6,0,7,1148,0,14455,2350670,1840,0,293833,0,0,0,4,0,36735,315,4077214,0,0,0,2995058,270231469,0,25000,0,567774,34000982,6
308153917,2501047,1152,375,294260,21887,10,0,4,1150,0,8999,2353939,1171,0,294241,0,0,0,7,0,36793,228,4105669,0,0,0,2994302,275251060,0,25115,0,576297,34629121,5
313156569,2501420,61022,5281,212461,17125,414,19,243,825,1,479272,1695444,61598,0,211885,0,0,0,230,0,26804,11054,3119547,0,0,0,2994093,280207732,0,25311,0,588020,35251171,216
318159136,2501582,2610,238,301256,25713,6,0,11,1176,0,20691,2410002,2616,0,301250,0,0,0,3,0,37664,383,4186988,0,0,0,2994747,285428864,0,25323,0,588875,35905168,5
323161315,2501324,43738,3218,235989,19098,318,0,172,922,0,343758,1884207,44241,0,235486,0,0,0,178,0,29676,7836,3399211,0,0,0,2993882,290498897,0,25457,0,597149,36541697,152
328164233,2502227,3465,579,298821,21496,24,0,14,1167,0,27216,2390237,3510,0,298599,0,177,0,38,0,37393,623,4137309,0,0,0,2995773,295558336,0,25585,0,604991,37175786,188
333166285,2500470,3686,291,292738,20960,22,0,16,1142,0,28984,2341626,3724,0,292590,0,110,0,13,0,36619,663,4069551,0,0,0,2993499,300762819,0,25598,0,606035,37827742,122
338167542,2500455,7266,515,297085,21161,28,0,28,1160,0,57211,2376441,7299,0,296440,0,612,0,19,0,37228,1240,4126808,0,0,0,2992044,305587130,0,25881,0,626144,38434097,627
343172784,2504025,79820,7818,189230,13918,488,22,306,745,1,627052,1508644,80524,0,188343,0,183,0,274,0,23932,14693,2813822,0,0,0,2998730,310551682,0,26138,0,641705,39057595,435
348174199,2500628,4215,275,292969,23636,30,0,15,1146,0,33195,2343417,4260,0,292924,0,0,0,17,0,36643,748,4071978,0,0,0,2993936,315665584,0,26242,0,648906,39698406,16
353176150,2501260,4895,348,296653,23513,14,0,19,1159,0,38453,2373087,4914,0,295693,0,941,0,13,0,37210,879,4157949,0,0,0,2995255,320868633,0,26280,0,651093,40349535,949
358181023,2501467,22251,2352,276399,25824,90,0,87,1080,0,175761,2210447,22350,0,276248,0,52,0,57,0,34612,3792,3872238,0,0,0,2995088,325414664,0,26788,0,686547,40924331,103
364024496,2500338,0,0,290951,29783,70,0,0,1137,0,0,2327001,53,0,281745,0,9153,0,86,0,37557,64,4185504,0,0,0,2993922,331693549,0,26788,0,686624,41708451,9144
369027479,2500521,0,0,280863,23393,136,0,0,1097,0,0,2245689,113,0,257081,0,23669,0,413,0,38151,119,4384321,0,0,0,2993414,336638304,0,26788,0,686806,42325299,23646
374030413,2501092,0,0,276725,21664,34,0,0,1081,0,0,2213498,26,0,272042,0,4657,0,250,0,35197,29,3972368,0,0,0,2993522,341467635,0,26788,0,686895,42929961,4654
379034368,2502772,0,0,281423,21975,78,0,0,1100,0,0,2250693,65,0,271615,0,9743,0,394,0,36440,72,4084910,0,0,0,2996492,346396690,0,26788,0,687037,43548353,9739
384037895,2501606,0,0,285477,21909,54,0,0,1115,0,0,2283368,40,0,275789,0,9648,0,192,0,36923,40,4174456,0,0,0,2995093,351421432,0,26788,0,687145,44177885,9639
389039524,2500294,0,0,272114,20188,44,0,0,1063,0,0,2176501,37,0,49739,0,222338,0,248,0,61837,39,7102554,0,0,0,2992181,356331695,0,26788,0,687304,44792736,222334
394043375,2502674,5807,428,278051,20210,70,0,23,1086,0,45858,2223817,5883,0,469,0,277506,0,11,0,69509,1142,7759899,0,0,0,2994768,360938138,0,26822,0,688446,45363579,277574
399054157,2505092,40563,5977,36216,8357,6648,2964,162,139,12,301313,263350,43824,0,2267,0,30688,0,25,0,9516,16081,1427530,0,0,0,2999004,362090925,0,29464,0,724203,45524609,34914
404056896,2501432,25994,8557,170059,13155,1100,37,100,666,2,187332,1349562,27639,0,159337,0,9077,0,5,0,22837,11061,2654183,0,0,0,2995522,364171899,0,31831,0,755364,45799957,11689
409057366,2500385,25783,2167,253104,18209,606,0,98,992,0,193314,2024026,25939,0,252862,0,86,0,106,0,31744,5812,3597614,0,0,0,2992103,368769561,0,33892,0,781638,46371421,3289
414060052,2501076,1100,89,298417,23923,4,0,5,1165,0,8709,2387297,1105,0,298412,0,0,0,1,0,37307,154,4138424,0,0,0,2992994,373794196,0,34032,0,788411,47001728,4
419063081,2500823,641,55,296568,21675,6,0,3,1158,0,4932,2372502,647,0,296562,0,0,0,4,0,37076,137,4118683,0,0,0,2993176,378861186,0,34116,0,794862,47634841,4
424065219,2501036,1152,93,298356,22590,10,0,5,1165,0,8999,2386707,1171,0,298337,0,0,0,7,0,37304,231,4152922,0,0,0,2994397,383931956,0,34231,0,803622,48269403,5
429066643,2501115,61022,8725,210413,16748,414,18,246,814,1,479272,1679060,61598,0,209837,0,0,0,230,0,26545,11052,3102667,0,0,0,2994268,388880436,0,34432,0,815337,48890358,216
434068628,2501523,2610,444,294856,21079,6,0,11,1151,0,20691,2358802,2616,0,294850,0,0,0,3,0,36864,382,4103712,0,0,0,2994953,394070848,0,34444,0,816190,49540073,5
439069950,2500133,35817,2643,250646,17969,240,0,142,978,0,281832,2002343,36200,0,250263,0,0,0,137,0,31465,6280,3568473,0,0,0,2990725,399203235,0,34548,0,822909,50183480,118
444074439,2503005,3465,534,297797,23288,24,0,13,1164,0,27216,2382045,3510,0,297575,0,177,0,38,0,37262,615,4114852,0,0,0,2996468,404247424,0,34694,0,832241,50814411,188
449078422,2502128,3686,279,294274,25908,22,0,15,1149,0,28984,2353914,3724,0,294126,0,110,0,13,0,36810,621,4087480,0,0,0,2995804,409460099,0,34709,0,833254,51467328,122
454082179,2501148,4877,385,295125,21867,28,0,20,1152,0,38113,2360761,4910,0,294480,0,612,0,16,0,36983,908,4100006,0,0,0,2994109,414216864,0,34992,0,852963,52065120,626
459084004,2500737,67491,6465,206768,15017,406,0,264,808,0,530324,1649837,68076,0,206000,0,183,0,226,0,26082,12181,3038828,0,0,0,2993364,419221747,0,35202,0,866344,52693195,391
464085822,2500720,4215,297,293481,21996,30,0,16,1147,0,33195,2347513,4260,0,293436,0,0,0,17,0,36709,736,4090736,0,0,0,2994432,424254320,0,35336,0,875837,53323771,16
469088257,2500302,4895,355,297165,25173,14,0,19,1161,0,38453,2377183,4914,0,296205,0,941,0,13,0,37275,886,4144080,0,0,0,2993086,429555673,0,35374,0,878048,53986977,949
474089285,2500842,25597,1749,268685,29930,106,0,96,1053,0,202102,2148587,25716,0,268514,0,52,0,65,0,33655,4280,3777730,0,0,0,2994205,434140616,0,35861,0,913417,54566409,110
479997129,2500407,0,0,288135,23756,70,0,0,1126,0,0,2304473,53,0,278929,0,9153,0,86,0,37204,73,4204946,0,0,0,2993665,440290477,0,35861,0,913496,55334124,9144
484997965,2500404,0,0,277279,25713,136,23,0,1082,1,0,2217017,113,0,253497,0,23669,0,413,0,37705,119,4315263,0,0,0,2993875,445229088,0,35861,0,913678,55950264,23646
489999119,2500863,0,0,291061,20866,34,0,0,1137,0,0,2328186,26,0,286378,0,4657,0,250,0,36985,30,4171729,0,0,0,2994112,450246835,0,35861,0,913760,56576374,4654
495000495,2500762,0,0,281679,20841,78,0,0,1101,0,0,2252741,65,0,271871,0,9743,0,394,0,36473,73,4099711,0,0,0,2992281,455165650,0,35861,0,913898,57193093,9739
500002365,2501811,0,0,292131,20814,54,44,0,1139,2,0,2336600,40,0,282252,0,9839,0,194,0,37774,38,4248847,0,0,0,2995417,460159672,0,35861,0,914009,57818533,9829
505004791,2500652,0,0,290034,21504,44,0,0,1133,0,0,2319861,37,0,68171,0,221826,0,248,0,64013,34,7338154,0,0,0,2992584,465117039,0,35861,0,914159,58438705,221822
510007510,2502482,7419,530,275884,19957,154,0,27,1080,0,57927,2205701,7596,0,503,0,275204,0,12,0,68974,1704,8056764,0,0,0,2995494,469744059,0,35945,0,915863,59010238,275346
515011794,2500834,40389,9112,35895,8531,6612,143,154,149,8,300409,261152,43599,0,2341,0,30344,0,26,0,9430,16029,1420511,0,0,0,2994058,470896691,0,38527,0,952303,59170772,34602
520013491,2500593,24488,4479,172111,12985,1032,19,105,664,1,176898,1366790,26030,0,162118,0,8451,0,5,0,22992,10305,2679222,0,0,0,2994751,472983867,0,40829,0,982504,59446181,10896
525016492,2501963,23017,2406,255000,18715,310,0,93,994,0,171564,2039345,23135,0,254796,0,86,0,100,0,31988,5314,3629242,0,0,0,2996086,477519802,0,42806,0,1007327,60006713,3166
530018534,2501133,1100,73,299185,21283,4,0,4,1169,0,8709,2393441,1105,0,299180,0,0,0,1,0,37411,162,4224192,0,0,0,2994208,482569300,0,42944,0,1014498,60640172,4
535020982,2502298,1834,125,299727,23531,6,0,7,1171,0,14455,2397774,1840,0,299721,0,0,0,4,0,37472,322,4139704,0,0,0,2995704,487720237,0,43023,0,1021185,61283597,6
540022246,2500563,1152,72,298356,23681,10,0,4,1166,0,8999,2386707,1171,0,298337,0,0,0,7,0,37305,228,4155539,0,0,0,2991916,492838132,0,43136,0,1029716,61923965,5
545023690,2501359,61022,6035,210157,17196,414,23,237,822,1,479272,1677012,61598,0,209581,0,0,0,230,0,26512,11027,3085656,0,0,0,2995245,497784564,0,43335,0,1041414,62544117,216
550025638,2501520,2610,184,296392,24001,6,0,10,1158,0,20691,2371090,2616,0,296386,0,0,0,3,0,37057,400,4127888,0,0,0,2995158,502974976,0,43347,0,1042283,63193635,5
555028446,2501745,35990,3082,242275,17679,246,0,138,949,0,283146,1935346,36376,0,241889,0,0,0,140,0,30424,6255,3458739,0,0,0,2994604,507994576,0,43455,0,1048993,63822769,120
560030807,2501031,3465,231,292933,20901,24,0,13,1145,0,27216,2343133,3510,0,292711,0,177,0,38,0,36655,616,4063240,0,0,0,2994111,512920128,0,43589,0,1058109,64438418,188
565034805,2501594,4099,294,293861,21001,22,0,16,1148,0,32288,2350610,4137,0,293713,0,110,0,13,0,36759,684,4099358,0,0,0,2994901,518108227,0,43602,0,1059110,65088250,123
570037907,2501815,4877,730,297941,21239,28,0,20,1163,0,38113,2383289,4910,0,297296,0,612,0,16,0,37334,898,4144050,0,0,0,2994810,522891616,0,43883,0,1078798,65689268,626
575041484,2503041,55573,4763,222590,15850,350,23,218,868,1,436310,1777061,56070,0,221910,0,183,0,190,0,28027,10284,3209478,0,0,0,2996262,527909229,0,44068,0,1090274,66318281,361
580043585,2501100,4215,297,298345,23794,30,18,16,1165,1,33195,2386425,4260,0,298300,0,0,0,17,0,37317,754,4148598,0,0,0,2994504,533002800,0,44209,0,1101721,66956066,16
585045547,2501687,4928,374,289192,21338,18,0,20,1129,0,38682,2313364,4952,0,288227,0,941,0,15,0,36282,887,4047084,0,0,0,2995551,538181273,0,44240,0,1103880,67603794,951
590047523,2501352,37171,2650,255234,18227,180,17,145,996,1,292209,2040136,37403,0,254950,0,52,0,113,0,32010,6544,3619963,0,0,0,2994812,542741209,0,44722,0,1137835,68179749,148
596143470,2500986,0,0,297095,21486,70,0,0,1161,0,0,2376153,53,0,287889,0,9153,0,86,0,38325,72,4308254,0,0,0,2993913,549239661,0,44743,0,1139324,68991091,9144
601145081,2500088,0,0,282143,26063,136,0,0,1103,0,0,2255929,113,0,258361,0,23669,0,413,0,38312,118,4414542,0,0,0,2993341,554219232,0,44743,0,1139509,69612323,23646
606148100,2501918,0,0,291782,21152,80,21,0,1138,1,0,2333476,68,0,280419,0,11295,0,530,0,37935,89,4252338,0,0,0,2995118,559270941,0,44743,0,1139647,70242345,11289
611150091,2501082,0,0,292687,25896,78,0,0,1144,0,0,2340805,65,0,282879,0,9743,0,394,0,37846,72,4242424,0,0,0,2994276,564428178,0,44743,0,1139719,70888121,9739
616150164,2500018,0,0,278309,25623,54,0,0,1087,0,0,2226024,40,0,268621,0,9648,0,192,0,36026,40,4067849,0,0,0,2993058,569395576,0,44743,0,1139826,71509699,9639
621152506,2500370,0,0,284658,29242,44,0,0,1112,0,0,2276853,37,0,10059,0,274562,0,248,0,69935,36,8112460,0,0,0,2992639,574328367,0,44743,0,1139980,72126126,274558
626158959,2504870,18414,2555,229353,22934,554,17,71,897,1,141424,1829323,19151,0,885,0,227731,0,20,0,57390,5395,6547440,0,0,0,2998445,578648170,0,45021,0,1145375,72658451,228293
631166849,2503071,40270,11894,35237,7145,6576,624,163,136,9,297262,255598,43529,0,2008,0,29970,0,53,0,9289,16187,1376801,0,0,0,2996386,579778862,0,47683,0,1181620,72816038,34351
636173518,2502118,14014,4054,228109,16139,614,0,61,886,0,101175,1818932,14986,0,222255,0,4882,0,2,0,29399,6438,3322861,0,0,0,2996481,582256635,0,49693,0,1208551,73138660,6501
641175817,2501657,25783,2165,262832,18741,606,0,101,1028,0,193314,2101850,25939,0,262590,0,86,0,106,0,32926,6078,3718329,0,0,0,2995158,586958745,0,51716,0,1234588,73717821,3289
646178501,2501300,19013,1427,274287,20193,82,22,76,1068,1,149787,2193467,19124,0,274176,0,0,0,35,0,34331,3199,3836876,0,0,0,2994093,592063748,0,51906,0,1244407,74354249,136
651179516,2500617,1415,109,296564,22834,4,0,6,1158,0,11138,2372491,1418,0,296561,0,0,0,3,0,37075,251,4114489,0,0,0,2993586,597246957,0,51954,0,1248072,75003343,5
656182897,2502066,2485,183,296248,25556,16,0,10,1157,0,19418,2369741,2518,0,296215,0,0,0,11,0,37044,477,4137201,0,0,0,2995578,602286625,0,52067,0,1256865,75633765,10
661185174,2500449,61564,7362,208332,20558,418,17,244,810,1,483510,1662363,62147,0,207749,0,0,0,231,0,26288,11148,3067275,0,0,0,2993739,607231241,0,52260,0,1268446,76253387,218
666187124,2500775,4252,536,296024,23731,12,0,16,1157,0,33673,2368072,4268,0,296008,0,0,0,6,0,37012,633,4116013,0,0,0,2994030,612415404,0,52272,0,1269449,76901887,7
671188170,2500006,79680,7815,183384,13230,576,0,313,716,0,625554,1460522,80570,0,182494,0,0,0,328,0,23248,14270,2772178,0,0,0,2993507,617370448,0,52505,0,1283922,77521658,286
676192243,2501777,4819,352,287982,21555,38,0,19,1125,0,37908,2303353,4888,0,287556,0,357,0,44,0,36068,885,4013528,0,0,0,2993843,622587744,0,52527,0,1285499,78173845,374
681198452,2506120,4503,313,292932,24732,34,0,17,1145,0,35345,2343061,4556,0,292769,0,110,0,20,0,36650,779,4096489,0,0,0,2999841,627806583,0,52542,0,1286380,78827353,130
686200580,2501589,3575,627,291073,20698,4,0,14,1137,0,28341,2328538,3581,0,290791,0,276,0,6,0,36422,543,4111670,0,0,0,2995030,632532986,0,52813,0,1306119,79420981,282
691202923,2501510,108581,9022,143672,10273,634,0,425,561,0,853199,1142641,109494,0,142759,0,0,0,358,0,18290,19734,2250891,0,0,0,2994449,637354591,0,53150,0,1327447,80026329,338
696203940,2500147,7559,822,288835,23077,50,0,28,1130,0,59527,2310126,7633,0,288761,0,0,0,29,0,36138,1349,4030581,0,0,0,2992253,642635201,0,53190,0,1329540,80685910,26
701207155,2501682,4895,341,297677,21787,14,0,19,1163,0,38453,2381279,4914,0,296717,0,941,0,13,0,37338,869,4160881,0,0,0,2993860,647847257,0,53216,0,1331093,81337155,949
706209529,2501416,8291,790,280686,20690,42,0,33,1096,0,65530,2245045,8352,0,280625,0,0,0,26,0,35118,1417,3935705,0,0,0,2994545,652280648,0,53688,0,1366371,81897239,24
711627202,2500414,0,0,294023,26052,70,0,0,1149,0,0,2351577,53,0,284817,0,9153,0,86,0,37940,82,4255588,0,0,0,2993207,657971757,0,53688,0,1366459,82606927,9144
716628675,2500075,0,0,289055,21814,136,0,0,1129,0,0,2311225,113,0,265273,0,23669,0,413,0,39176,109,4499634,0,0,0,2993628,663045536,0,53688,0,1366630,83239686,23646
721631647,2501221,0,0,287241,20835,52,0,0,1122,0,0,2297388,48,0,278966,0,8227,0,477,0,36966,70,4150290,0,0,0,2992918,668099293,0,53688,0,1366787,83869279,8223
726633504,2500672,0,0,288591,21770,78,0,0,1128,0,0,2308037,65,0,278783,0,9743,0,394,0,37333,72,4275745,0,0,0,2993670,673100882,0,53688,0,1366859,84495283,9739
731635161,2500039,0,0,291365,21539,54,22,0,1137,1,0,2330472,40,0,281677,0,9648,0,192,0,37659,40,4286267,0,0,0,2992453,678084664,0,53688,0,1366966,85118404,9639
736635907,2500525,0,0,285170,21114,44,0,0,1114,0,0,2280949,37,0,20043,0,265090,0,248,0,68812,36,7586432,0,0,0,2993863,683042031,0,53688,0,1367119,85737432,265086
741643675,2507322,15831,1707,236594,17612,456,0,58,929,0,121970,1888365,16414,0,848,0,235163,0,19,0,59178,4420,6936022,0,0,0,3001176,687411662,0,53924,0,1371541,86273956,235635
746663593,2510684,39927,6405,35313,6993,6598,248,152,143,12,294999,255960,43216,0,2024,0,30000,0,53,0,9304,15709,1390157,0,0,0,3005474,688540785,0,56550,0,1406665,86431080,34311
751667493,2501353,16626,1202,212898,15431,720,24,60,837,1,119964,1696258,17743,0,206012,0,5769,0,4,0,27637,7367,3151191,0,0,0,2995332,690915003,0,58651,0,1433932,86740875,7611
756670776,2501667,25783,1941,257200,18307,606,859,100,1005,1,193314,2056794,25939,0,256958,0,86,0,106,0,32220,5772,3645331,0,0,0,2993957,695510617,0,60637,0,1459129,87305167,3289
761671573,2500675,1100,90,302001,23907,4,0,5,1179,0,8709,2415969,1105,0,301996,0,0,0,1,0,37755,153,4182316,0,0,0,2993781,700629460,0,60774,0,1465841,87943224,4
766673418,2501138,1415,113,298612,23497,4,0,6,1166,0,11138,2388875,1418,0,298609,0,0,0,3,0,37332,255,4151462,0,0,0,2994273,705774253,0,60863,0,1472478,88586926,5
771673929,2500157,1152,71,295028,23654,10,0,4,1153,0,8999,2360083,1171,0,295009,0,0,0,7,0,36888,194,4125571,0,0,0,2991156,710804084,0,60976,0,1481032,89216112,5
776676266,2501988,61564,6775,210124,18512,418,0,245,817,0,483510,1676699,62147,0,209541,0,0,0,231,0,26511,11142,3101056,0,0,0,2994010,715770825,0,61164,0,1492834,89838482,218
781678084,2500887,2610,200,298952,25967,6,0,11,1167,0,20691,2391570,2616,0,298946,0,0,0,3,0,37376,387,4159297,0,0,0,2994615,721022848,0,61175,0,1493599,90495413,5
786679545,2501284,77254,10726,182757,13969,558,22,300,716,1,606510,1455717,78115,0,181896,0,0,0,318,0,23157,13616,2767079,0,0,0,2994047,725951719,0,61420,0,1507652,91112917,276
791681027,2500832,3465,724,291909,21702,24,0,14,1140,0,27216,2334941,3510,0,291687,0,177,0,38,0,36526,610,4045219,0,0,0,2992150,731086784,0,61446,0,1509369,91753463,188
796685287,2501646,3686,251,289666,23092,22,0,13,1133,0,28984,2317050,3724,0,289518,0,110,0,13,0,36237,611,4037690,0,0,0,2993657,736231875,0,61462,0,1510352,92397748,122
801687121,2500340,5195,539,298662,24692,10,0,20,1167,0,41140,2389215,5206,0,298375,0,276,0,10,0,37374,786,4147732,0,0,0,2993746,741033658,0,61755,0,1530230,93000899,285
806689021,2500385,97886,7899,158502,11444,604,19,387,615,1,768577,1261608,98754,0,157451,0,183,0,334,0,20153,17896,2442481,0,0,0,2992997,745868123,0,62061,0,1548989,93607404,497
811691700,2501944,4215,286,297577,21221,30,0,16,1163,0,33195,2380281,4260,0,297532,0,0,0,17,0,37219,737,4144510,0,0,0,2994733,751069104,0,62119,0,1552807,94256989,16
816694571,2501706,4895,310,296397,21450,14,0,17,1160,0,38453,2371039,4914,0,295437,0,941,0,13,0,37177,870,4132181,0,0,0,2993910,756298777,0,62154,0,1554983,94910734,949
821696121,2501179,8291,706,296558,21320,42,0,31,1159,0,65530,2372021,8352,0,296497,0,0,0,26,0,37097,1400,4128342,0,0,0,2994341,760908296,0,62642,0,1590223,95492451,24
827245159,2501519,0,0,287111,20791,70,0,0,1122,0,0,2296281,53,0,277905,0,9153,0,86,0,37078,77,4208256,0,0,0,2994686,766654701,0,62642,0,1590313,96209047,9144
832247476,2501983,0,0,284447,27545,136,0,0,1111,0,0,2274361,113,0,260665,0,23669,0,413,0,38599,101,4470312,0,0,0,2995422,771605600,0,62642,0,1590478,96826522,23646
837253362,2505051,0,0,298469,22339,48,0,0,1166,0,0,2387275,43,0,292119,0,6307,0,259,0,38123,48,4286993,0,0,0,2997736,776680388,0,62642,0,1590590,97458189,6302
842254609,2500555,0,0,293199,21691,78,0,0,1146,0,0,2344901,65,0,283391,0,9743,0,394,0,37910,72,4274376,0,0,0,2993338,781749010,0,62642,0,1590705,98092762,9739
847257302,2501212,0,0,292901,21182,54,0,0,1144,0,0,2342760,40,0,283213,0,9648,0,192,0,37847,40,4250224,0,0,0,2994425,786861816,0,62642,0,1590811,98731314,9639
852259003,2500304,0,0,287474,20961,44,0,0,1123,0,0,2299381,37,0,13387,0,274050,0,248,0,70220,35,7754546,0,0,0,2993118,791903151,0,62642,0,1590960,99359995,274046
857266204,2505611,15831,3000,231730,17274,456,0,63,905,0,121970,1849453,16414,0,848,0,230299,0,19,0,57972,4415,6702275,0,0,0,2997676,796201102,0,62875,0,1595375,99885642,230771
862280642,2508635,40273,6754,35472,6115,6612,988,160,137,12,297471,257071,43581,0,2031,0,30133,0,53,0,9345,15886,1414477,0,0,0,3002607,797335650,0,65535,0,1630823,100043347,34487
867285106,2500721,15815,3864,217821,15790,688,0,64,850,0,114108,1735999,16878,0,211381,0,5377,0,4,0,28192,7022,3212470,0,0,0,2994382,799747451,0,67638,0,1657815,100357594,7160
872287334,2501963,25783,2200,259760,18862,606,0,100,1017,0,193314,2077274,25939,0,259518,0,86,0,106,0,32537,5796,3672878,0,0,0,2995614,804347161,0,69648,0,1682998,100920944,3289
877289799,2500682,7706,582,297685,30668,16,0,32,1160,0,61011,2381307,7729,0,297662,0,0,0,9,0,37222,1204,4117133,0,0,0,2994152,809545084,0,69797,0,1690726,101567681,52
882291620,2501200,1415,114,304244,25517,4,0,6,1188,0,11138,2433931,1418,0,304241,0,0,0,3,0,38034,255,4215856,0,0,0,2994373,814815597,0,69864,0,1696322,102227495,5
887292839,2500190,2485,161,288824,26836,16,0,9,1129,0,19418,2310349,2518,0,288791,0,0,0,11,0,36117,468,4041826,0,0,0,2993251,819836833,0,69973,0,1705104,102855549,10
892295256,2500259,61564,5235,211148,17141,418,22,242,824,1,483510,1684891,62147,0,210565,0,0,0,231,0,26641,11028,3103315,0,0,0,2991797,824836745,0,70159,0,1716556,103481932,218
897296300,2500384,4252,490,298584,31522,12,0,17,1165,0,33673,2388552,4268,0,298568,0,0,0,6,0,37333,638,4140336,0,0,0,2993639,830049580,0,70171,0,1717568,104133988,7
902297000,2500432,79680,7291,179032,15972,576,19,312,699,1,625554,1425706,80570,0,178142,0,0,0,328,0,22703,14216,2713478,0,0,0,2993587,834941136,0,70408,0,1731978,104745414,286
907299470,2501056,4819,366,290542,20693,38,0,20,1134,0,37908,2323833,4888,0,290116,0,357,0,44,0,36384,874,4042654,0,0,0,2994310,840135904,0,70431,0,1733566,105394288,374
912303068,2501617,3686,241,295042,42885,22,0,13,1154,0,28984,2360058,3724,0,294894,0,110,0,13,0,36907,622,4116531,0,0,0,2994897,845285507,0,70444,0,1734298,106038887,122
917305790,2501460,3575,245,300289,31658,4,0,13,1174,0,28341,2402266,3581,0,300007,0,276,0,6,0,37576,535,4158872,0,0,0,2994918,850087290,0,70718,0,1754248,106641991,282
922308283,2501325,108581,8947,147768,10854,634,55,432,568,3,853199,1175409,109494,0,146855,0,0,0,358,0,18802,19653,2300797,0,0,0,2992879,854904799,0,71052,0,1775493,107246276,338
927310807,2501325,7559,576,291651,21446,50,0,30,1138,0,59527,2332654,7633,0,291577,0,0,0,29,0,36492,1356,4052393,0,0,0,2993169,860195649,0,71088,0,1777571,107906987,26
932312043,2500775,4895,330,293837,26353,14,0,18,1149,0,38453,2350559,4914,0,292877,0,941,0,13,0,36858,861,4107628,0,0,0,2992779,865438425,0,71114,0,1779111,108561974,949
937314445,2500552,8291,958,282734,21861,42,0,32,1105,0,65530,2261429,8352,0,282673,0,0,0,26,0,35380,1406,4009222,0,0,0,2992626,869908680,0,71588,0,1814264,109126454,24
942700502,2501654,0,0,292999,22780,70,0,0,1145,0,0,2343385,53,0,283793,0,9153,0,86,0,37813,70,4258915,0,0,0,2994965,875483053,0,71588,0,1814349,109821524,9144
947701298,2500057,0,0,283423,21351,136,0,0,1107,0,0,2266169,113,0,259641,0,23669,0,413,0,38472,116,4405433,0,0,0,2993173,880452384,0,71588,0,1814524,110441426,23646
952704702,2502323,0,0,291270,23289,80,0,0,1138,0,0,2329380,68,0,279907,0,11295,0,530,0,37870,92,4247884,0,0,0,2996228,885598301,0,71588,0,1814669,111082331,11289
957706742,2501561,0,0,285775,20338,78,0,0,1117,0,0,2285509,65,0,275967,0,9743,0,394,0,36981,72,4210647,0,0,0,2995137,890653138,0,71588,0,1814743,111714552,9739
962708829,2501314,0,0,293157,20891,54,0,0,1145,0,0,2344808,40,0,283469,0,9648,0,192,0,37878,40,4259862,0,0,0,2994603,895667640,0,71588,0,1814857,112340777,9639
967710948,2500008,0,0,284402,20460,44,0,0,1111,0,0,2274805,37,0,27723,0,256642,0,248,0,67658,37,7660519,0,0,0,2991117,900553327,0,71588,0,1815017,112949969,256638
972716379,2504164,13731,1460,241818,17501,352,0,53,946,0,106209,1931175,14186,0,800,0,240563,0,19,0,60467,3662,6748303,0,0,0,2997568,904966391,0,71774,0,1818679,113489471,240941
977721524,2501132,41353,7262,35669,4743,6614,2451,170,125,19,306743,258707,44652,0,2163,0,30207,0,55,0,9376,16165,1414155,0,0,0,2992713,906102313,0,74355,0,1854350,113647337,34499
982723180,2500447,19923,6684,201603,14709,844,83,74,789,4,143448,1604805,21184,0,193512,0,6830,0,4,0,26406,8649,3034892,0,0,0,2993739,908393531,0,76541,0,1882738,113946720,8955
987726522,2500863,25783,2378,259504,19149,606,0,97,1018,0,193314,2075226,25939,0,259262,0,86,0,106,0,32508,5875,3676155,0,0,0,2993037,913017817,0,78537,0,1908129,114512990,3289
992728583,2501592,1100,91,297137,21374,4,0,5,1160,0,8709,2377057,1105,0,297132,0,0,0,1,0,37147,154,4128310,0,0,0,2993742,918142804,0,78668,0,1914848,115151662,4
997728921,2500270,1415,112,304756,22513,4,0,6,1190,0,11138,2438027,1418,0,304753,0,0,0,3,0,38104,259,4222735,0,0,0,2993336,923377709,0,78760,0,1921493,115805851,5
1002731419,2500335,1152,88,294772,25149,10,0,5,1151,0,8999,2358035,1171,0,294753,0,0,0,7,0,36855,227,4117391,0,0,0,2991220,928409588,0,78873,0,1930040,116435215,5
1007735674,2501753,61022,8028,203757,17391,414,23,247,787,1,479272,1625812,61598,0,203181,0,0,0,230,0,25712,10931,3003435,0,0,0,2995555,933284340,0,79065,0,1941639,117045968,216
1012738645,2501670,2610,202,295880,21651,6,0,11,1155,0,20691,2366994,2616,0,295874,0,0,0,3,0,36994,383,4115481,0,0,0,2995490,938456320,0,79077,0,1942489,117692860,5
1017741141,2501390,63695,5871,204619,15097,460,0,253,796,0,500194,1631718,64405,0,203909,0,0,0,256,0,25834,11234,3030877,0,0,0,2994323,943409820,0,79260,0,1954165,118313540,226
1022743037,2501446,3465,401,294725,20988,24,0,13,1152,0,27216,2357469,3510,0,294503,0,177,0,38,0,36879,606,4092624,0,0,0,2994662,948510016,0,79324,0,1958262,118949429,188
1027746533,2502538,3686,233,294786,21037,22,0,13,1153,0,28984,2358010,3724,0,294638,0,110,0,13,0,36875,625,4104731,0,0,0,2995724,953669443,0,79338,0,1959255,119595028,122
1032750716,2502178,7293,525,292194,20787,28,0,29,1141,0,57427,2337313,7326,0,291549,0,612,0,19,0,36623,1181,4095526,0,0,0,2995601,958479418,0,79625,0,1979266,120199170,628
1037759537,2506893,85766,7790,177602,12480,540,58,343,684,3,673325,1415102,86540,0,176645,0,183,0,298,0,22500,15629,2684684,0,0,0,2999124,963341405,0,79890,0,1995757,120809086,463
1042760504,2500657,4215,345,298345,22998,30,0,19,1163,0,33195,2386425,4260,0,298300,0,0,0,17,0,37316,751,4136035,0,0,0,2993744,968512816,0,79978,0,2001762,121455550,16
1047761995,2500230,4895,328,295885,23138,14,0,18,1157,0,38453,2366943,4914,0,294925,0,941,0,13,0,37114,893,4128507,0,0,0,2993657,973773209,0,80008,0,2003957,122113415,949
1052762338,2500031,8291,825,289646,20624,42,0,32,1132,0,65530,2316725,8352,0,289585,0,0,0,26,0,36238,1411,4035848,0,0,0,2993071,978319240,0,80511,0,2039159,122686923,24
1058478352,2500045,0,0,294023,24595,70,0,0,1148,0,0,2351577,53,0,284817,0,9153,0,86,0,37941,78,4273549,0,0,0,2993505,984278637,0,80511,0,2039256,123430551,9144
1063480876,2502408,0,0,280351,23205,136,0,0,1096,0,0,2241593,113,0,256569,0,23669,0,413,0,38089,111,4339234,0,0,0,2993908,989184480,0,80511,0,2039427,124043048,23646
1068482703,2500564,0,0,293555,22578,80,0,0,1147,0,0,2347660,68,0,283703,0,9784,0,293,0,37963,91,4253439,0,0,0,2993421,994287237,0,80511,0,2039579,124678415,9778
1073485571,2501037,0,0,293199,21175,78,18,0,1144,1,0,2344901,65,0,283391,0,9743,0,394,0,37909,73,4251326,0,0,0,2994659,999432338,0,80511,0,2039652,125322137,9739
1078487875,2501007,0,0,293157,20905,54,18,0,1144,1,0,2344808,40,0,283469,0,9648,0,192,0,37878,40,4247397,0,0,0,2994004,1004573816,0,80511,0,2039749,125964150,9639
1083488773,2500150,0,0,281842,20573,44,0,0,1101,0,0,2254325,37,0,11851,0,269954,0,248,0,69005,37,7791262,0,0,0,2993231,1009449263,0,80511,0,2039911,126572069,269950
1088491114,2500353,17129,5455,233490,16830,482,23,69,910,1,132037,1863261,17753,0,853,0,232013,0,20,0,58403,4713,7609153,0,0,0,2992575,1013791569,0,80750,0,2044624,127103455,232508
1093500152,2504006,39943,5475,35050,3120,6580,826,149,146,11,295000,253967,43219,0,2012,0,29762,0,53,0,9230,15867,1389989,0,0,0,2997101,1014914530,0,83386,0,2080066,127259600,34088
1098507277,2502711,16299,981,215536,15642,706,22,52,854,1,117727,1717472,17399,0,208825,0,5611,0,4,0,27945,7260,3186444,0,0,0,2996547,1017305851,0,85497,0,2107423,127571293,7411
1103508636,2500659,25783,2257,260528,19819,606,35,104,1015,1,193314,2083418,25939,0,260286,0,86,0,106,0,32635,6003,3670397,0,0,0,2993998,1021930137,0,87531,0,2133032,128137758,3289
1108510898,2501364,1100,74,296369,24013,4,0,4,1158,0,8709,2370913,1105,0,296364,0,0,0,1,0,37052,161,4111255,0,0,0,2993269,1027020308,0,87677,0,2139735,128771487,4
1113512084,2500679,1415,98,291188,23878,4,0,5,1138,0,11138,2329483,1418,0,291185,0,0,0,3,0,36406,253,4059318,0,0,0,2994625,1032091373,0,87765,0,2146345,129405754,5
1118514361,2501672,1152,74,301684,22734,10,0,4,1179,0,8999,2413331,1171,0,301665,0,0,0,7,0,37720,235,4209601,0,0,0,2994871,1037168308,0,87870,0,2154947,130040811,5
1123516058,2500498,61564,5475,209612,15108,418,23,238,821,1,483510,1672603,62147,0,209029,0,0,0,231,0,26447,11038,3082087,0,0,0,2993514,1042169865,0,88065,0,2166641,130667396,218
1128519362,2501206,2610,184,296648,21281,6,0,10,1159,0,20691,2373138,2616,0,296642,0,0,0,3,0,37090,381,4116971,0,0,0,2994728,1047335872,0,88075,0,2167395,131313332,5
1133526529,2505791,63439,7047,197963,14514,460,0,253,769,0,498146,1578470,64149,0,197253,0,0,0,256,0,25003,11219,2935621,0,0,0,2999291,1052197212,0,88271,0,2179057,131922446,226
1138529086,2501682,3465,255,298053,23724,24,0,14,1164,0,27216,2384093,3510,0,297831,0,177,0,38,0,37294,606,4133521,0,0,0,2994912,1057297408,0,88324,0,2183155,132558424,188
1143532073,2501376,3686,295,301698,30610,22,0,15,1177,0,28984,2413306,3724,0,301550,0,110,0,13,0,37742,644,4196891,0,0,0,2994556,1062602243,0,88339,0,2184187,133222181,122
1148535516,2502067,3575,537,300545,25779,4,0,15,1173,0,28341,2404314,3581,0,300263,0,276,0,6,0,37607,539,4161564,0,0,0,2994703,1067424506,0,88607,0,2204039,133827005,282
1153538017,2502299,101873,8619,154246,11144,616,19,392,609,1,800137,1227423,102760,0,153176,0,183,0,341,0,19627,18627,2391441,0,0,0,2995363,1072270682,0,88916,0,2223522,134434656,507
1158542159,2502267,4215,315,300393,21414,30,0,17,1173,0,33195,2402809,4260,0,300348,0,0,0,17,0,37571,753,4186567,0,0,0,2995493,1077541872,0,88960,0,2226677,135092340,16
1163542693,2500500,4895,385,294093,21857,14,0,20,1148,0,38453,2352607,4914,0,293133,0,941,0,13,0,36890,844,4092946,0,0,0,2991142,1082751065,0,88993,0,2228795,135743680,949
1168545126,2502012,8291,1026,284782,21750,42,0,32,1113,0,65530,2277813,8352,0,284721,0,0,0,26,0,35631,1381,3983459,0,0,0,2995405,1087260232,0,89499,0,2263971,136312462,24
1174137355,2501819,0,0,294791,23752,70,19,0,1151,1,0,2357721,53,0,285585,0,9153,0,86,0,38038,78,4273028,0,0,0,2994955,1093082413,0,89499,0,2264056,137038880,9144
1179138275,2500334,0,0,288031,20968,136,19,0,1124,1,0,2303033,113,0,264249,0,23669,0,413,0,39048,108,4445287,0,0,0,2993729,1098158240,0,89499,0,2264224,137672596,23646
1184139616,2500450,0,0,285382,25543,80,20,0,1114,1,0,2282276,68,0,274019,0,11295,0,530,0,37135,99,4195886,0,0,0,2994155,1103164893,0,89499,0,2264386,138296139,11289
1189140711,2500189,0,0,290127,21735,78,19,0,1132,1,0,2320325,65,0,280319,0,9743,0,394,0,37527,72,4237036,0,0,0,2993456,1108201298,0,89499,0,2264458,138926037,9739
1194141866,2500968,0,0,292133,24775,54,18,0,1141,1,0,2336616,40,0,282445,0,9648,0,192,0,37750,41,4235068,0,0,0,2994524,1113236280,0,89499,0,2264569,139554785,9639
1199143106,2500105,0,0,287218,21216,44,0,0,1122,0,0,2297333,37,0,20811,0,266370,0,248,0,69226,35,7670515,0,0,0,2993397,1118210031,0,89499,0,2264709,140174859,266366
1204145891,2501630,15692,6555,234690,17122,446,37,64,913,2,120974,1873255,16260,0,842,0,233280,0,19,0,58695,4326,7127830,0,0,0,2993216,1122567652,0,89729,0,2269035,140707950,233747
1209155625,2505141,39491,7232,34997,6290,6566,825,154,134,15,292436,253713,42738,0,2018,0,29732,0,53,0,9218,15359,1398859,0,0,0,2999945,1123690026,0,92375,0,2304012,140863979,33955
1214158903,2501682,17788,4425,206074,15277,780,22,73,802,1,127813,1641052,18986,0,198612,0,6264,0,4,0,26872,7820,3090512,0,0,0,2995404,1126013371,0,94507,0,2331699,141167359,8243
1219162887,2502442,25783,2319,253616,19192,606,60,100,990,3,193314,2028122,25939,0,253374,0,86,0,106,0,31771,5828,3593631,0,0,0,2996229,1130549593,0,96551,0,2357056,141723230,3289
1224165065,2500388,1100,71,301233,24855,4,0,4,1177,0,8709,2409825,1105,0,301228,0,0,0,1,0,37657,162,4172140,0,0,0,2993690,1135662292,0,96687,0,2363767,142360778,4
1229165110,2500034,1415,90,302708,24332,4,0,5,1183,0,11138,2421643,1418,0,302705,0,0,0,3,0,37843,263,4189050,0,0,0,2993329,1140876717,0,96764,0,2370377,143012103,5
1234167092,2500811,1152,90,299636,23232,10,0,5,1170,0,8999,2396947,1171,0,299617,0,0,0,7,0,37464,229,4177915,0,0,0,2992570,1145963892,0,96870,0,2378930,143648517,5
1239168551,2500754,61333,5641,209331,16311,418,19,236,821,1,481662,1670355,61916,0,208748,0,0,0,231,0,26413,11072,3079498,0,0,0,2992712,1150904009,0,97066,0,2390659,144267448,217
1244168944,2500229,2610,165,294088,21098,6,0,9,1150,0,20691,2352658,2616,0,294082,0,0,0,3,0,36770,386,4103053,0,0,0,2993488,1156070016,0,97076,0,2391432,144913359,5
1249170012,2500833,68482,6914,199294,14432,484,20,258,788,1,538056,1588881,69223,0,198553,0,0,0,270,0,25184,12063,2957093,0,0,0,2993568,1161028781,0,97282,0,2403942,145534614,238
1254172131,2501188,3465,357,297797,21566,24,0,15,1162,0,27216,2382045,3510,0,297575,0,177,0,38,0,37261,618,4123026,0,0,0,2993712,1166168768,0,97344,0,2407324,146175779,188
1259174038,2500237,3686,2470,293762,21243,22,0,15,1147,0,28984,2349818,3724,0,293614,0,110,0,13,0,36748,638,4099789,0,0,0,2991572,1171356867,0,97357,0,2408339,146824334,122
1264175901,2500065,3575,258,297473,22168,4,0,14,1162,0,28341,2379738,3581,0,297191,0,276,0,6,0,37224,549,4132649,0,0,0,2992855,1176197562,0,97641,0,2428218,147431187,282
1269176808,2500026,103316,10955,151004,12886,622,18,404,589,1,811562,1201441,104209,0,149928,0,183,0,345,0,19228,18906,2341163,0,0,0,2991768,1181072189,0,97958,0,2448000,148042240,509
1274179223,2501584,4215,271,297321,21427,30,0,15,1163,0,33195,2378233,4260,0,297276,0,0,0,17,0,37188,740,4137751,0,0,0,2995266,1186353840,0,98003,0,2450920,148701011,16
1279180884,2501005,4895,372,296397,21065,14,0,20,1157,0,38453,2371039,4914,0,295437,0,941,0,13,0,37180,873,4134519,0,0,0,2993966,1191542553,0,98038,0,2453087,149349745,949
1284181447,2500403,8291,617,292718,20925,42,0,33,1143,0,65530,2341301,8352,0,292657,0,0,0,26,0,36618,1383,4085250,0,0,0,2993679,1196115208,0,98534,0,2488114,149925632,24
